booking_id,passenger_id,schedule_id,booking_date,booking_status
1,581,294,2026-07-16,Confirmed
2,638,174,2026-08-04,Confirmed
3,267,15,2026-07-31,Cancelled
4,104,55,2026-07-25,Confirmed
5,874,201,2026-07-12,Confirmed
6,914,183,2026-07-20,Confirmed
7,406,274,2026-07-06,Pending
8,954,291,2026-07-09,Confirmed
9,960,50,2026-07-30,Confirmed
10,954,241,2026-07-15,Cancelled
11,295,133,2026-08-28,Confirmed
12,376,170,2026-08-20,Cancelled
13,666,233,2026-08-01,Confirmed
14,974,58,2026-07-23,Confirmed
15,350,145,2026-08-19,Confirmed
16,1177,66,2026-08-02,Confirmed
17,220,167,2026-08-05,Confirmed
18,619,273,2026-07-30,Confirmed
19,847,123,2026-08-09,Confirmed
20,326,247,2026-07-25,Confirmed
21,427,221,2026-08-20,Pending
22,1162,176,2026-08-04,Confirmed
23,355,40,2026-08-17,Cancelled
24,1176,250,2026-07-08,Confirmed
25,949,167,2026-08-05,Confirmed
26,912,91,2026-07-20,Pending
27,143,56,2026-08-13,Cancelled
28,777,168,2026-08-01,Confirmed
29,126,47,2026-07-14,Cancelled
30,1190,1,2026-08-18,Confirmed
31,306,232,2026-08-04,Confirmed
32,1184,229,2026-07-13,Confirmed
33,649,154,2026-08-06,Confirmed
34,624,223,2026-08-15,Pending
35,706,46,2026-08-07,Confirmed
36,1046,207,2026-08-24,Confirmed
37,603,32,2026-07-24,Cancelled
38,109,1,2026-08-15,Confirmed
39,736,57,2026-08-25,Confirmed
40,64,121,2026-07-28,Confirmed
41,808,163,2026-08-15,Confirmed
42,782,223,2026-08-04,Confirmed
43,356,244,2026-07-09,Confirmed
44,788,185,2026-08-23,Confirmed
45,591,65,2026-07-09,Confirmed
46,33,74,2026-08-16,Cancelled
47,895,70,2026-07-06,Confirmed
48,852,234,2026-08-27,Confirmed
49,872,93,2026-07-30,Confirmed
50,1131,231,2026-07-25,Confirmed
51,381,218,2026-08-08,Confirmed
52,1021,122,2026-08-15,Confirmed
53,842,280,2026-08-06,Confirmed
54,78,291,2026-07-31,Confirmed
55,232,298,2026-07-31,Pending
56,164,73,2026-08-16,Confirmed
57,573,239,2026-08-03,Confirmed
58,182,126,2026-07-31,Confirmed
59,160,277,2026-08-21,Confirmed
60,109,176,2026-08-04,Confirmed
61,961,233,2026-08-02,Cancelled
62,1176,170,2026-07-27,Confirmed
63,604,149,2026-07-11,Confirmed
64,623,289,2026-07-17,Confirmed
65,970,297,2026-07-11,Confirmed
66,598,14,2026-07-19,Confirmed
67,260,259,2026-07-05,Cancelled
68,570,130,2026-07-09,Confirmed
69,564,132,2026-07-01,Confirmed
70,358,78,2026-08-12,Confirmed
71,360,134,2026-08-20,Confirmed
72,994,93,2026-08-21,Confirmed
73,68,176,2026-07-06,Pending
74,316,254,2026-08-18,Pending
75,785,122,2026-08-12,Confirmed
76,343,108,2026-08-06,Confirmed
77,707,28,2026-08-11,Confirmed
78,238,27,2026-07-11,Confirmed
79,976,155,2026-07-31,Confirmed
80,1091,120,2026-07-25,Confirmed
81,799,243,2026-07-17,Confirmed
82,891,7,2026-07-19,Cancelled
83,920,196,2026-08-13,Confirmed
84,1086,22,2026-07-07,Cancelled
85,725,222,2026-08-09,Cancelled
86,559,172,2026-07-18,Confirmed
87,202,131,2026-08-11,Confirmed
88,945,124,2026-08-16,Confirmed
89,400,267,2026-07-22,Confirmed
90,369,161,2026-08-05,Confirmed
91,18,35,2026-07-01,Confirmed
92,1076,54,2026-08-13,Confirmed
93,450,146,2026-07-17,Confirmed
94,49,48,2026-07-04,Cancelled
95,445,63,2026-08-15,Pending
96,177,67,2026-07-25,Confirmed
97,1160,95,2026-08-27,Confirmed
98,378,130,2026-07-19,Confirmed
99,156,233,2026-08-29,Pending
100,875,166,2026-07-17,Confirmed
101,152,142,2026-08-19,Confirmed
102,796,171,2026-07-04,Confirmed
103,543,92,2026-07-29,Confirmed
104,411,202,2026-07-12,Confirmed
105,223,74,2026-08-04,Confirmed
106,448,55,2026-08-28,Confirmed
107,531,53,2026-07-03,Confirmed
108,1171,129,2026-08-19,Confirmed
109,1020,77,2026-08-11,Confirmed
110,78,200,2026-07-18,Confirmed
111,676,201,2026-08-06,Confirmed
112,1005,245,2026-07-28,Confirmed
113,144,277,2026-07-15,Confirmed
114,988,63,2026-08-06,Confirmed
115,736,171,2026-08-13,Confirmed
116,114,47,2026-07-24,Confirmed
117,697,42,2026-08-23,Confirmed
118,594,104,2026-07-12,Confirmed
119,787,98,2026-07-20,Confirmed
120,219,184,2026-08-01,Confirmed
121,897,98,2026-07-09,Confirmed
122,52,123,2026-08-01,Confirmed
123,1108,158,2026-08-01,Confirmed
124,921,9,2026-07-03,Confirmed
125,692,22,2026-07-26,Confirmed
126,1072,235,2026-08-30,Confirmed
127,1099,77,2026-08-17,Confirmed
128,148,19,2026-08-17,Confirmed
129,40,242,2026-08-28,Cancelled
130,94,125,2026-08-14,Confirmed
131,30,89,2026-08-10,Confirmed
132,630,50,2026-07-30,Confirmed
133,131,55,2026-07-08,Confirmed
134,452,33,2026-08-21,Confirmed
135,691,206,2026-07-21,Confirmed
136,1180,280,2026-07-09,Confirmed
137,437,24,2026-08-07,Confirmed
138,130,62,2026-07-18,Confirmed
139,851,87,2026-08-14,Confirmed
140,338,225,2026-07-16,Cancelled
141,84,69,2026-07-07,Confirmed
142,771,81,2026-07-02,Cancelled
143,166,4,2026-07-01,Confirmed
144,183,146,2026-07-27,Confirmed
145,975,65,2026-07-14,Confirmed
146,555,268,2026-07-29,Confirmed
147,358,20,2026-08-08,Confirmed
148,1024,46,2026-08-10,Cancelled
149,617,179,2026-07-27,Confirmed
150,483,99,2026-07-08,Pending
151,196,186,2026-08-25,Confirmed
152,1106,260,2026-07-15,Confirmed
153,427,142,2026-07-04,Confirmed
154,306,243,2026-08-01,Confirmed
155,89,28,2026-08-11,Confirmed
156,430,223,2026-07-17,Confirmed
157,929,23,2026-07-07,Confirmed
158,1101,91,2026-07-11,Confirmed
159,994,264,2026-07-08,Confirmed
160,482,228,2026-08-07,Confirmed
161,859,102,2026-08-17,Confirmed
162,668,118,2026-08-19,Confirmed
163,467,51,2026-07-16,Confirmed
164,410,193,2026-08-27,Confirmed
165,965,300,2026-08-01,Confirmed
166,893,75,2026-07-14,Cancelled
167,932,92,2026-07-25,Confirmed
168,938,100,2026-08-10,Confirmed
169,553,104,2026-07-22,Confirmed
170,1165,31,2026-07-18,Confirmed
171,954,235,2026-07-27,Confirmed
172,704,113,2026-08-26,Confirmed
173,322,88,2026-08-06,Pending
174,471,45,2026-07-27,Cancelled
175,1002,111,2026-08-07,Confirmed
176,948,143,2026-07-01,Confirmed
177,506,127,2026-07-21,Confirmed
178,456,77,2026-08-28,Confirmed
179,11,214,2026-07-03,Confirmed
180,964,259,2026-07-03,Confirmed
181,808,246,2026-08-21,Confirmed
182,201,232,2026-08-01,Confirmed
183,1144,7,2026-08-14,Confirmed
184,447,68,2026-07-23,Confirmed
185,186,9,2026-07-31,Confirmed
186,332,236,2026-08-24,Confirmed
187,1196,13,2026-07-30,Confirmed
188,284,208,2026-07-12,Confirmed
189,759,238,2026-08-15,Confirmed
190,145,198,2026-08-27,Confirmed
191,1088,17,2026-07-19,Confirmed
192,553,278,2026-08-06,Confirmed
193,166,172,2026-08-17,Cancelled
194,1055,187,2026-08-26,Confirmed
195,785,188,2026-07-30,Confirmed
196,749,188,2026-07-12,Confirmed
197,138,288,2026-08-15,Confirmed
198,284,172,2026-07-16,Confirmed
199,980,298,2026-08-25,Pending
200,430,116,2026-07-21,Confirmed
201,548,258,2026-08-13,Confirmed
202,112,33,2026-07-24,Confirmed
203,996,257,2026-08-03,Cancelled
204,963,273,2026-08-13,Cancelled
205,599,232,2026-08-09,Confirmed
206,135,97,2026-08-27,Cancelled
207,179,42,2026-07-26,Cancelled
208,591,40,2026-07-07,Confirmed
209,230,76,2026-08-01,Confirmed
210,419,267,2026-08-30,Confirmed
211,601,214,2026-08-13,Confirmed
212,271,243,2026-07-23,Confirmed
213,44,150,2026-07-13,Confirmed
214,476,267,2026-08-11,Confirmed
215,1186,176,2026-08-11,Confirmed
216,669,249,2026-08-07,Confirmed
217,1086,281,2026-07-29,Confirmed
218,1162,68,2026-08-27,Confirmed
219,352,134,2026-07-15,Confirmed
220,591,25,2026-07-10,Confirmed
221,934,86,2026-08-09,Cancelled
222,1097,147,2026-07-12,Pending
223,315,83,2026-07-16,Confirmed
224,649,295,2026-07-09,Confirmed
225,758,95,2026-07-14,Confirmed
226,72,163,2026-07-23,Confirmed
227,919,277,2026-07-11,Confirmed
228,249,13,2026-07-26,Cancelled
229,298,235,2026-08-29,Confirmed
230,9,280,2026-08-02,Confirmed
231,606,243,2026-08-27,Confirmed
232,1175,76,2026-08-21,Confirmed
233,906,174,2026-08-14,Confirmed
234,981,21,2026-07-09,Confirmed
235,240,158,2026-07-02,Confirmed
236,452,229,2026-07-23,Confirmed
237,113,100,2026-08-07,Confirmed
238,570,101,2026-07-02,Confirmed
239,913,45,2026-08-02,Confirmed
240,1005,163,2026-08-08,Confirmed
241,115,185,2026-07-26,Confirmed
242,876,190,2026-07-25,Confirmed
243,583,177,2026-07-23,Confirmed
244,913,288,2026-07-06,Confirmed
245,910,213,2026-08-21,Confirmed
246,336,218,2026-08-16,Cancelled
247,286,45,2026-07-10,Confirmed
248,973,269,2026-07-22,Confirmed
249,770,46,2026-07-01,Confirmed
250,560,213,2026-07-12,Confirmed
251,1164,71,2026-07-13,Confirmed
252,782,149,2026-08-05,Confirmed
253,619,300,2026-07-20,Confirmed
254,950,115,2026-07-02,Confirmed
255,316,135,2026-07-20,Pending
256,968,64,2026-08-11,Confirmed
257,590,214,2026-07-12,Confirmed
258,502,15,2026-07-08,Confirmed
259,1010,35,2026-08-08,Confirmed
260,1191,247,2026-08-06,Confirmed
261,529,244,2026-08-14,Cancelled
262,765,263,2026-08-16,Confirmed
263,532,84,2026-08-07,Confirmed
264,655,237,2026-08-26,Confirmed
265,732,84,2026-07-04,Confirmed
266,860,183,2026-07-04,Confirmed
267,1085,40,2026-08-02,Confirmed
268,376,49,2026-08-08,Confirmed
269,1114,166,2026-08-25,Confirmed
270,617,139,2026-08-13,Confirmed
271,743,50,2026-08-04,Confirmed
272,295,7,2026-07-09,Confirmed
273,764,249,2026-07-27,Confirmed
274,334,53,2026-07-14,Confirmed
275,453,97,2026-08-20,Cancelled
276,1077,273,2026-08-15,Confirmed
277,234,214,2026-07-30,Cancelled
278,239,68,2026-08-29,Confirmed
279,714,160,2026-08-14,Confirmed
280,906,268,2026-08-18,Pending
281,353,156,2026-07-02,Confirmed
282,243,114,2026-07-09,Cancelled
283,292,117,2026-07-20,Confirmed
284,267,41,2026-07-28,Confirmed
285,229,40,2026-07-02,Confirmed
286,884,22,2026-07-13,Confirmed
287,1052,31,2026-07-31,Confirmed
288,519,23,2026-07-05,Confirmed
289,22,50,2026-08-20,Confirmed
290,421,103,2026-07-12,Confirmed
291,60,47,2026-07-10,Cancelled
292,569,297,2026-07-23,Confirmed
293,1026,124,2026-08-02,Confirmed
294,203,297,2026-08-18,Confirmed
295,445,99,2026-07-19,Confirmed
296,1101,3,2026-08-16,Confirmed
297,439,259,2026-08-24,Confirmed
298,751,95,2026-07-29,Confirmed
299,220,93,2026-08-23,Confirmed
300,778,218,2026-07-14,Confirmed
301,835,58,2026-08-18,Pending
302,254,239,2026-07-08,Confirmed
303,1016,185,2026-08-15,Confirmed
304,84,43,2026-07-21,Confirmed
305,789,146,2026-07-30,Confirmed
306,639,228,2026-07-15,Confirmed
307,596,220,2026-07-13,Cancelled
308,975,189,2026-07-12,Confirmed
309,1007,54,2026-07-26,Confirmed
310,175,62,2026-07-10,Confirmed
311,209,87,2026-07-05,Confirmed
312,408,174,2026-07-13,Confirmed
313,828,63,2026-07-15,Cancelled
314,1023,143,2026-08-18,Confirmed
315,1192,140,2026-08-18,Confirmed
316,820,183,2026-07-31,Confirmed
317,829,249,2026-08-02,Confirmed
318,932,56,2026-07-08,Confirmed
319,1019,119,2026-08-10,Cancelled
320,61,51,2026-08-17,Confirmed
321,140,256,2026-08-13,Confirmed
322,367,196,2026-08-08,Confirmed
323,313,156,2026-08-09,Confirmed
324,157,267,2026-08-19,Confirmed
325,955,104,2026-07-19,Confirmed
326,1005,259,2026-07-17,Confirmed
327,1108,280,2026-07-02,Pending
328,65,221,2026-08-26,Cancelled
329,786,231,2026-07-21,Cancelled
330,907,236,2026-07-03,Confirmed
331,1141,156,2026-08-26,Confirmed
332,1007,221,2026-07-09,Confirmed
333,797,250,2026-08-18,Confirmed
334,1005,284,2026-08-13,Confirmed
335,963,244,2026-08-05,Cancelled
336,1038,29,2026-07-26,Confirmed
337,774,181,2026-08-19,Pending
338,657,32,2026-07-02,Confirmed
339,263,188,2026-07-23,Cancelled
340,1196,14,2026-08-18,Cancelled
341,699,195,2026-07-07,Confirmed
342,732,211,2026-07-23,Confirmed
343,501,127,2026-07-16,Confirmed
344,174,34,2026-08-25,Confirmed
345,692,87,2026-07-02,Confirmed
346,77,236,2026-08-12,Cancelled
347,1164,264,2026-08-27,Confirmed
348,42,241,2026-08-07,Confirmed
349,649,194,2026-08-06,Confirmed
350,1173,51,2026-08-21,Confirmed
351,422,173,2026-08-01,Confirmed
352,696,86,2026-08-09,Confirmed
353,893,104,2026-08-01,Confirmed
354,155,275,2026-07-14,Confirmed
355,98,153,2026-08-06,Confirmed
356,463,48,2026-08-15,Cancelled
357,195,173,2026-07-18,Confirmed
358,1088,244,2026-07-28,Confirmed
359,158,155,2026-08-02,Cancelled
360,887,277,2026-07-21,Confirmed
361,824,129,2026-08-09,Confirmed
362,1122,93,2026-08-26,Confirmed
363,1058,96,2026-08-06,Confirmed
364,958,138,2026-08-29,Confirmed
365,889,290,2026-08-16,Confirmed
366,1070,103,2026-07-24,Confirmed
367,493,78,2026-08-17,Confirmed
368,615,223,2026-07-27,Confirmed
369,132,105,2026-08-24,Confirmed
370,588,83,2026-07-17,Confirmed
371,484,208,2026-07-16,Confirmed
372,394,15,2026-07-16,Confirmed
373,636,238,2026-08-01,Confirmed
374,894,217,2026-08-11,Cancelled
375,414,82,2026-07-18,Confirmed
376,530,143,2026-08-12,Confirmed
377,87,249,2026-08-20,Confirmed
378,172,161,2026-08-08,Confirmed
379,131,209,2026-08-27,Confirmed
380,185,204,2026-08-30,Cancelled
381,288,121,2026-07-08,Confirmed
382,1025,62,2026-08-03,Confirmed
383,1189,269,2026-07-17,Confirmed
384,185,122,2026-08-08,Confirmed
385,642,169,2026-08-23,Confirmed
386,799,121,2026-08-29,Confirmed
387,296,55,2026-07-12,Confirmed
388,563,226,2026-07-27,Confirmed
389,115,252,2026-08-04,Confirmed
390,232,163,2026-08-04,Confirmed
391,505,143,2026-08-26,Confirmed
392,297,186,2026-07-31,Confirmed
393,632,11,2026-08-11,Pending
394,72,28,2026-08-14,Cancelled
395,491,130,2026-08-05,Confirmed
396,744,63,2026-08-04,Cancelled
397,907,199,2026-07-01,Cancelled
398,805,131,2026-07-20,Confirmed
399,483,153,2026-07-14,Cancelled
400,329,225,2026-08-10,Confirmed
401,833,18,2026-07-18,Cancelled
402,1007,242,2026-08-17,Confirmed
403,682,217,2026-08-26,Cancelled
404,206,83,2026-08-14,Confirmed
405,136,181,2026-07-27,Confirmed
406,1122,168,2026-07-30,Confirmed
407,107,95,2026-08-10,Confirmed
408,279,2,2026-07-26,Confirmed
409,626,161,2026-08-06,Confirmed
410,324,128,2026-08-03,Confirmed
411,267,211,2026-08-20,Cancelled
412,925,245,2026-08-25,Confirmed
413,534,89,2026-08-13,Confirmed
414,671,145,2026-07-13,Confirmed
415,753,94,2026-07-26,Cancelled
416,1169,115,2026-07-02,Cancelled
417,1144,118,2026-08-28,Confirmed
418,948,102,2026-07-17,Confirmed
419,346,26,2026-07-26,Confirmed
420,533,77,2026-07-06,Pending
421,349,291,2026-07-08,Confirmed
422,1077,223,2026-08-19,Cancelled
423,930,254,2026-07-08,Confirmed
424,417,98,2026-08-30,Cancelled
425,546,148,2026-08-17,Confirmed
426,267,221,2026-08-24,Confirmed
427,442,145,2026-08-16,Confirmed
428,857,93,2026-07-27,Confirmed
429,59,149,2026-07-17,Confirmed
430,924,128,2026-07-24,Confirmed
431,939,44,2026-07-01,Confirmed
432,663,204,2026-08-13,Confirmed
433,786,217,2026-08-17,Confirmed
434,150,49,2026-08-05,Confirmed
435,682,121,2026-07-31,Cancelled
436,94,3,2026-07-17,Confirmed
437,781,155,2026-07-26,Confirmed
438,271,287,2026-07-03,Confirmed
439,534,87,2026-08-02,Confirmed
440,695,240,2026-07-09,Confirmed
441,1087,222,2026-07-10,Confirmed
442,642,23,2026-07-09,Confirmed
443,576,185,2026-08-29,Confirmed
444,540,136,2026-08-03,Confirmed
445,338,162,2026-08-17,Pending
446,310,285,2026-08-24,Cancelled
447,902,28,2026-07-13,Confirmed
448,471,94,2026-07-03,Confirmed
449,335,240,2026-07-28,Confirmed
450,1014,21,2026-07-29,Confirmed
451,1149,249,2026-07-30,Confirmed
452,304,64,2026-07-23,Confirmed
453,582,93,2026-08-23,Confirmed
454,1042,140,2026-08-06,Cancelled
455,1200,109,2026-08-07,Pending
456,9,270,2026-08-19,Confirmed
457,853,40,2026-07-16,Confirmed
458,194,169,2026-07-02,Confirmed
459,250,202,2026-07-24,Confirmed
460,218,166,2026-07-10,Confirmed
461,943,246,2026-07-30,Confirmed
462,552,3,2026-07-22,Pending
463,928,167,2026-08-30,Confirmed
464,1166,67,2026-07-14,Cancelled
465,580,166,2026-08-21,Confirmed
466,145,281,2026-08-30,Confirmed
467,190,205,2026-07-17,Confirmed
468,817,46,2026-07-02,Cancelled
469,334,199,2026-08-19,Confirmed
470,316,62,2026-07-20,Confirmed
471,886,159,2026-08-27,Confirmed
472,269,184,2026-08-12,Confirmed
473,753,263,2026-07-13,Confirmed
474,795,244,2026-07-18,Confirmed
475,867,47,2026-08-18,Confirmed
476,755,96,2026-07-28,Confirmed
477,191,21,2026-08-02,Confirmed
478,950,115,2026-08-11,Confirmed
479,318,254,2026-08-03,Confirmed
480,1075,43,2026-07-19,Confirmed
481,163,245,2026-07-20,Confirmed
482,262,154,2026-08-23,Confirmed
483,876,152,2026-08-06,Confirmed
484,157,24,2026-08-02,Confirmed
485,871,212,2026-07-07,Confirmed
486,1165,130,2026-07-23,Confirmed
487,168,258,2026-07-02,Confirmed
488,948,92,2026-08-20,Confirmed
489,805,24,2026-07-06,Confirmed
490,610,161,2026-08-07,Confirmed
491,922,136,2026-07-22,Pending
492,384,109,2026-07-12,Confirmed
493,532,55,2026-07-28,Confirmed
494,12,203,2026-07-08,Confirmed
495,978,236,2026-08-14,Confirmed
496,997,156,2026-08-09,Cancelled
497,739,203,2026-08-21,Confirmed
498,257,70,2026-07-01,Confirmed
499,33,97,2026-08-24,Confirmed
500,986,75,2026-08-11,Confirmed
501,1104,98,2026-07-06,Confirmed
502,950,76,2026-07-31,Confirmed
503,239,86,2026-08-27,Confirmed
504,912,249,2026-07-31,Confirmed
505,921,300,2026-07-16,Confirmed
506,1167,201,2026-07-04,Confirmed
507,211,222,2026-07-27,Cancelled
508,1186,284,2026-07-19,Confirmed
509,819,249,2026-08-02,Confirmed
510,1000,119,2026-08-15,Confirmed
511,39,217,2026-08-06,Confirmed
512,131,138,2026-08-27,Confirmed
513,970,60,2026-08-01,Confirmed
514,711,230,2026-08-14,Confirmed
515,331,148,2026-08-16,Confirmed
516,705,225,2026-07-15,Confirmed
517,695,240,2026-07-09,Cancelled
518,800,214,2026-08-23,Cancelled
519,738,242,2026-08-21,Pending
520,332,107,2026-07-19,Confirmed
521,177,248,2026-07-09,Confirmed
522,321,252,2026-07-07,Confirmed
523,1012,156,2026-07-16,Confirmed
524,97,10,2026-07-23,Cancelled
525,732,82,2026-07-12,Cancelled
526,1032,17,2026-08-21,Confirmed
527,882,59,2026-08-09,Confirmed
528,1151,115,2026-08-01,Confirmed
529,697,182,2026-08-19,Confirmed
530,1141,137,2026-08-27,Confirmed
531,1056,54,2026-08-15,Confirmed
532,897,235,2026-08-23,Confirmed
533,217,53,2026-08-22,Confirmed
534,1039,54,2026-07-11,Confirmed
535,421,186,2026-07-11,Confirmed
536,905,260,2026-08-01,Confirmed
537,204,79,2026-08-11,Confirmed
538,283,63,2026-08-24,Confirmed
539,852,4,2026-07-16,Cancelled
540,971,175,2026-07-19,Confirmed
541,175,137,2026-07-24,Confirmed
542,850,185,2026-08-10,Confirmed
543,311,272,2026-07-27,Confirmed
544,283,220,2026-07-27,Cancelled
545,940,265,2026-08-20,Confirmed
546,61,227,2026-07-10,Confirmed
547,1060,36,2026-07-06,Confirmed
548,823,85,2026-07-28,Confirmed
549,76,78,2026-08-27,Confirmed
550,1065,152,2026-07-27,Confirmed
551,1134,156,2026-08-16,Confirmed
552,705,5,2026-08-22,Confirmed
553,1081,76,2026-08-14,Confirmed
554,421,279,2026-08-09,Confirmed
555,906,177,2026-08-26,Cancelled
556,829,102,2026-08-26,Confirmed
557,76,276,2026-07-22,Confirmed
558,259,267,2026-08-04,Confirmed
559,191,262,2026-08-05,Confirmed
560,698,82,2026-07-02,Confirmed
561,1106,133,2026-07-16,Cancelled
562,623,217,2026-08-02,Confirmed
563,123,191,2026-07-17,Confirmed
564,726,64,2026-07-04,Confirmed
565,256,230,2026-07-20,Confirmed
566,11,233,2026-07-22,Pending
567,1192,290,2026-08-15,Cancelled
568,1093,120,2026-07-23,Confirmed
569,1174,72,2026-08-15,Confirmed
570,508,54,2026-07-21,Confirmed
571,395,185,2026-07-30,Confirmed
572,872,211,2026-07-06,Confirmed
573,871,67,2026-07-31,Confirmed
574,160,190,2026-08-13,Confirmed
575,1145,266,2026-08-19,Confirmed
576,541,300,2026-08-01,Confirmed
577,902,251,2026-08-16,Pending
578,334,74,2026-08-02,Confirmed
579,938,67,2026-08-15,Confirmed
580,1084,61,2026-08-14,Confirmed
581,970,17,2026-08-17,Confirmed
582,1145,190,2026-08-28,Pending
583,837,57,2026-07-08,Confirmed
584,594,21,2026-08-03,Confirmed
585,761,157,2026-07-24,Confirmed
586,996,15,2026-08-20,Confirmed
587,864,25,2026-08-29,Cancelled
588,581,111,2026-07-12,Cancelled
589,1002,2,2026-07-08,Confirmed
590,139,23,2026-07-27,Confirmed
591,635,290,2026-07-29,Cancelled
592,773,244,2026-08-23,Confirmed
593,272,71,2026-08-02,Confirmed
594,922,230,2026-07-10,Cancelled
595,667,46,2026-08-21,Confirmed
596,839,199,2026-07-15,Cancelled
597,695,277,2026-07-03,Pending
598,908,143,2026-08-11,Confirmed
599,340,13,2026-08-06,Confirmed
600,633,288,2026-08-11,Confirmed
601,1146,44,2026-07-13,Pending
602,1110,296,2026-08-18,Confirmed
603,1168,268,2026-07-13,Confirmed
604,1030,10,2026-07-08,Confirmed
605,1090,93,2026-07-02,Confirmed
606,422,126,2026-08-23,Confirmed
607,1187,228,2026-07-06,Cancelled
608,657,206,2026-08-07,Confirmed
609,48,175,2026-07-28,Confirmed
610,50,271,2026-07-21,Confirmed
611,187,59,2026-07-07,Confirmed
612,585,74,2026-07-12,Confirmed
613,184,79,2026-07-20,Pending
614,347,31,2026-08-09,Pending
615,372,14,2026-08-15,Confirmed
616,799,51,2026-07-21,Confirmed
617,664,133,2026-07-25,Cancelled
618,248,27,2026-07-13,Confirmed
619,485,253,2026-08-02,Confirmed
620,789,59,2026-07-18,Confirmed
621,952,284,2026-07-27,Confirmed
622,60,209,2026-08-10,Confirmed
623,39,138,2026-08-05,Pending
624,208,127,2026-08-18,Confirmed
625,258,156,2026-08-06,Confirmed
626,172,257,2026-07-14,Confirmed
627,292,192,2026-08-04,Pending
628,503,276,2026-08-30,Confirmed
629,1137,232,2026-07-03,Confirmed
630,952,149,2026-08-11,Pending
631,2,31,2026-08-29,Cancelled
632,560,129,2026-08-23,Confirmed
633,720,109,2026-08-07,Cancelled
634,577,24,2026-07-11,Confirmed
635,1154,36,2026-07-20,Confirmed
636,252,72,2026-08-16,Confirmed
637,573,222,2026-07-14,Confirmed
638,652,176,2026-08-10,Confirmed
639,928,140,2026-07-16,Confirmed
640,659,175,2026-07-14,Confirmed
641,673,9,2026-08-28,Confirmed
642,5,244,2026-07-01,Cancelled
643,356,212,2026-08-05,Cancelled
644,1002,202,2026-08-04,Confirmed
645,159,276,2026-07-02,Cancelled
646,912,64,2026-07-23,Pending
647,771,184,2026-07-25,Confirmed
648,18,64,2026-07-30,Confirmed
649,396,228,2026-07-01,Confirmed
650,41,144,2026-08-13,Cancelled
651,733,99,2026-07-06,Cancelled
652,621,114,2026-07-15,Pending
653,744,19,2026-07-18,Confirmed
654,429,4,2026-07-13,Pending
655,812,57,2026-08-25,Confirmed
656,1025,253,2026-07-11,Confirmed
657,1159,290,2026-07-12,Confirmed
658,263,34,2026-07-09,Confirmed
659,1168,117,2026-08-26,Confirmed
660,562,99,2026-08-24,Confirmed
661,1092,130,2026-08-13,Confirmed
662,930,2,2026-08-30,Confirmed
663,107,166,2026-07-28,Cancelled
664,834,141,2026-07-08,Confirmed
665,956,254,2026-07-24,Confirmed
666,90,115,2026-07-04,Confirmed
667,861,273,2026-07-29,Confirmed
668,803,100,2026-07-22,Confirmed
669,1172,13,2026-08-17,Confirmed
670,868,39,2026-08-28,Confirmed
671,337,169,2026-07-20,Confirmed
672,199,15,2026-07-31,Confirmed
673,50,172,2026-08-23,Confirmed
674,221,243,2026-07-16,Pending
675,112,171,2026-08-03,Confirmed
676,150,225,2026-08-18,Confirmed
677,915,297,2026-07-08,Confirmed
678,125,18,2026-07-25,Confirmed
679,134,66,2026-07-04,Cancelled
680,906,29,2026-07-20,Confirmed
681,885,34,2026-07-07,Confirmed
682,1146,27,2026-07-19,Cancelled
683,823,50,2026-08-09,Confirmed
684,478,6,2026-07-30,Confirmed
685,877,52,2026-07-22,Confirmed
686,54,233,2026-08-03,Confirmed
687,395,56,2026-07-07,Confirmed
688,139,100,2026-08-27,Confirmed
689,1043,132,2026-07-23,Confirmed
690,911,96,2026-07-16,Confirmed
691,91,31,2026-07-09,Confirmed
692,893,263,2026-08-11,Confirmed
693,638,299,2026-08-26,Confirmed
694,299,76,2026-07-31,Confirmed
695,703,150,2026-07-24,Pending
696,1061,75,2026-07-04,Confirmed
697,1146,28,2026-07-28,Confirmed
698,411,104,2026-08-20,Confirmed
699,388,244,2026-08-14,Confirmed
700,958,170,2026-08-24,Confirmed
701,688,154,2026-07-27,Confirmed
702,215,233,2026-08-26,Confirmed
703,87,254,2026-07-15,Cancelled
704,457,118,2026-07-30,Confirmed
705,490,247,2026-08-17,Confirmed
706,679,193,2026-07-14,Confirmed
707,14,186,2026-07-01,Confirmed
708,62,285,2026-07-08,Confirmed
709,902,100,2026-08-10,Confirmed
710,738,23,2026-07-02,Confirmed
711,582,90,2026-07-15,Cancelled
712,357,174,2026-08-24,Confirmed
713,366,101,2026-07-02,Confirmed
714,537,52,2026-07-02,Cancelled
715,282,195,2026-08-11,Confirmed
716,228,174,2026-08-29,Confirmed
717,935,123,2026-07-24,Cancelled
718,351,270,2026-08-21,Pending
719,889,34,2026-07-08,Confirmed
720,268,98,2026-07-13,Confirmed
721,767,163,2026-08-08,Confirmed
722,501,24,2026-08-18,Confirmed
723,388,275,2026-07-19,Confirmed
724,672,127,2026-07-04,Confirmed
725,574,65,2026-08-24,Confirmed
726,1197,251,2026-07-14,Confirmed
727,964,34,2026-07-11,Confirmed
728,1043,192,2026-08-01,Confirmed
729,367,165,2026-08-15,Confirmed
730,990,254,2026-07-31,Confirmed
731,822,299,2026-08-11,Confirmed
732,450,104,2026-07-29,Cancelled
733,811,112,2026-07-20,Confirmed
734,773,293,2026-07-11,Cancelled
735,767,131,2026-08-05,Confirmed
736,173,152,2026-07-29,Confirmed
737,472,299,2026-07-03,Confirmed
738,689,219,2026-07-29,Confirmed
739,838,189,2026-08-21,Confirmed
740,560,196,2026-07-02,Confirmed
741,479,136,2026-08-11,Confirmed
742,169,151,2026-08-23,Confirmed
743,1120,41,2026-08-20,Confirmed
744,467,51,2026-07-08,Confirmed
745,79,280,2026-07-13,Confirmed
746,675,129,2026-07-20,Confirmed
747,563,98,2026-08-15,Confirmed
748,283,279,2026-08-28,Confirmed
749,614,145,2026-08-22,Confirmed
750,828,208,2026-08-22,Confirmed
751,25,242,2026-08-11,Confirmed
752,306,204,2026-07-15,Confirmed
753,430,243,2026-07-15,Confirmed
754,1132,240,2026-08-16,Cancelled
755,698,44,2026-07-21,Cancelled
756,879,214,2026-07-14,Confirmed
757,1144,16,2026-07-24,Confirmed
758,263,157,2026-08-30,Confirmed
759,1024,182,2026-07-22,Confirmed
760,872,207,2026-08-18,Confirmed
761,1102,154,2026-07-21,Confirmed
762,1163,17,2026-08-29,Confirmed
763,677,291,2026-08-10,Confirmed
764,1176,201,2026-07-25,Confirmed
765,801,33,2026-08-04,Confirmed
766,973,56,2026-07-22,Confirmed
767,925,156,2026-07-06,Confirmed
768,1133,91,2026-07-03,Cancelled
769,1001,14,2026-07-12,Confirmed
770,791,146,2026-07-14,Confirmed
771,1074,36,2026-07-30,Confirmed
772,1062,6,2026-07-11,Confirmed
773,842,201,2026-07-11,Pending
774,265,275,2026-07-27,Confirmed
775,141,200,2026-08-27,Cancelled
776,267,106,2026-07-20,Confirmed
777,973,82,2026-08-08,Confirmed
778,636,104,2026-08-02,Confirmed
779,940,142,2026-07-13,Confirmed
780,293,229,2026-07-05,Cancelled
781,506,270,2026-07-22,Cancelled
782,1006,236,2026-07-30,Confirmed
783,187,148,2026-08-11,Cancelled
784,935,178,2026-08-14,Cancelled
785,610,201,2026-08-09,Cancelled
786,359,213,2026-07-16,Confirmed
787,885,235,2026-07-25,Cancelled
788,376,292,2026-07-07,Confirmed
789,90,123,2026-08-26,Cancelled
790,561,276,2026-07-19,Confirmed
791,137,112,2026-08-28,Confirmed
792,1133,63,2026-07-24,Confirmed
793,216,259,2026-08-19,Confirmed
794,840,231,2026-07-11,Confirmed
795,1037,23,2026-07-30,Confirmed
796,946,196,2026-07-22,Confirmed
797,399,204,2026-07-03,Confirmed
798,235,70,2026-07-21,Confirmed
799,951,249,2026-07-30,Confirmed
800,1124,125,2026-08-15,Pending
801,288,242,2026-08-22,Confirmed
802,331,88,2026-08-23,Confirmed
803,206,91,2026-07-19,Confirmed
804,801,87,2026-07-05,Confirmed
805,23,140,2026-07-10,Confirmed
806,365,111,2026-08-15,Confirmed
807,1091,111,2026-07-29,Confirmed
808,1071,53,2026-07-25,Confirmed
809,910,27,2026-08-08,Confirmed
810,773,104,2026-08-29,Confirmed
811,489,103,2026-07-06,Confirmed
812,58,8,2026-07-22,Cancelled
813,130,113,2026-08-26,Confirmed
814,344,86,2026-07-03,Confirmed
815,221,168,2026-07-21,Confirmed
816,389,107,2026-08-29,Confirmed
817,877,62,2026-07-15,Confirmed
818,731,166,2026-07-12,Confirmed
819,648,7,2026-07-25,Confirmed
820,451,34,2026-08-12,Cancelled
821,756,23,2026-07-05,Cancelled
822,842,155,2026-08-19,Confirmed
823,209,275,2026-08-20,Pending
824,1166,88,2026-07-17,Pending
825,665,199,2026-08-13,Cancelled
826,273,171,2026-07-12,Confirmed
827,652,247,2026-07-05,Confirmed
828,1199,230,2026-07-25,Confirmed
829,477,258,2026-08-07,Confirmed
830,28,120,2026-07-02,Confirmed
831,255,159,2026-07-16,Confirmed
832,499,41,2026-07-04,Confirmed
833,1022,152,2026-07-13,Confirmed
834,419,20,2026-07-16,Cancelled
835,909,169,2026-07-09,Confirmed
836,82,267,2026-08-20,Pending
837,591,13,2026-07-15,Cancelled
838,679,176,2026-07-16,Confirmed
839,111,128,2026-08-21,Confirmed
840,456,196,2026-08-03,Confirmed
841,906,4,2026-07-05,Cancelled
842,144,99,2026-07-04,Confirmed
843,290,105,2026-07-09,Confirmed
844,1125,105,2026-07-16,Confirmed
845,873,240,2026-07-20,Confirmed
846,405,126,2026-07-28,Confirmed
847,510,156,2026-07-19,Confirmed
848,413,140,2026-08-25,Confirmed
849,164,185,2026-07-26,Confirmed
850,965,226,2026-07-28,Confirmed
851,888,80,2026-08-22,Pending
852,988,11,2026-08-18,Confirmed
853,171,154,2026-08-08,Confirmed
854,1133,90,2026-07-17,Confirmed
855,627,233,2026-07-19,Confirmed
856,985,37,2026-07-22,Confirmed
857,962,101,2026-07-10,Cancelled
858,9,7,2026-08-25,Confirmed
859,767,252,2026-07-26,Cancelled
860,809,192,2026-07-25,Confirmed
861,146,210,2026-08-26,Confirmed
862,255,198,2026-08-29,Confirmed
863,398,224,2026-07-17,Confirmed
864,714,261,2026-08-15,Confirmed
865,755,30,2026-08-11,Confirmed
866,869,127,2026-07-16,Confirmed
867,741,15,2026-08-14,Confirmed
868,303,134,2026-08-08,Confirmed
869,302,131,2026-07-16,Confirmed
870,331,7,2026-07-08,Confirmed
871,788,204,2026-08-15,Confirmed
872,165,266,2026-08-28,Confirmed
873,867,85,2026-08-23,Confirmed
874,619,257,2026-08-04,Confirmed
875,784,158,2026-08-16,Confirmed
876,183,56,2026-08-10,Confirmed
877,706,74,2026-07-18,Confirmed
878,816,158,2026-07-01,Pending
879,1008,1,2026-07-07,Confirmed
880,856,269,2026-07-27,Confirmed
881,883,88,2026-07-12,Confirmed
882,276,102,2026-08-01,Confirmed
883,226,231,2026-08-06,Cancelled
884,381,103,2026-07-04,Confirmed
885,393,133,2026-08-27,Cancelled
886,903,56,2026-08-25,Confirmed
887,164,151,2026-07-06,Confirmed
888,567,33,2026-07-22,Confirmed
889,481,245,2026-08-01,Confirmed
890,207,5,2026-07-04,Confirmed
891,15,299,2026-08-20,Pending
892,199,109,2026-08-03,Confirmed
893,770,267,2026-08-18,Confirmed
894,996,243,2026-08-18,Confirmed
895,880,173,2026-07-24,Confirmed
896,703,162,2026-08-22,Confirmed
897,740,205,2026-07-25,Confirmed
898,730,170,2026-08-21,Confirmed
899,936,206,2026-08-16,Cancelled
900,285,14,2026-08-08,Confirmed
901,1087,144,2026-08-30,Confirmed
902,510,189,2026-07-29,Confirmed
903,974,264,2026-07-27,Confirmed
904,7,165,2026-07-02,Confirmed
905,94,167,2026-08-13,Confirmed
906,993,205,2026-08-17,Confirmed
907,167,179,2026-07-28,Cancelled
908,976,52,2026-08-16,Confirmed
909,400,74,2026-08-25,Confirmed
910,1172,259,2026-07-03,Confirmed
911,179,155,2026-08-23,Confirmed
912,1124,240,2026-07-11,Cancelled
913,237,247,2026-08-12,Confirmed
914,499,109,2026-07-11,Confirmed
915,184,55,2026-07-28,Pending
916,60,83,2026-08-29,Cancelled
917,786,144,2026-07-15,Confirmed
918,976,64,2026-08-12,Confirmed
919,1095,252,2026-07-06,Confirmed
920,682,115,2026-08-29,Confirmed
921,133,176,2026-07-25,Cancelled
922,782,288,2026-08-24,Confirmed
923,478,115,2026-07-17,Confirmed
924,180,58,2026-07-06,Confirmed
925,386,60,2026-08-06,Confirmed
926,642,195,2026-08-06,Confirmed
927,637,32,2026-08-07,Confirmed
928,795,217,2026-07-21,Confirmed
929,259,267,2026-08-12,Confirmed
930,455,55,2026-07-26,Confirmed
931,944,162,2026-07-10,Cancelled
932,608,113,2026-08-01,Confirmed
933,302,146,2026-07-10,Confirmed
934,71,164,2026-07-20,Confirmed
935,253,141,2026-08-24,Confirmed
936,980,111,2026-08-01,Confirmed
937,772,31,2026-08-21,Confirmed
938,432,116,2026-08-14,Confirmed
939,367,250,2026-08-16,Confirmed
940,327,12,2026-08-05,Confirmed
941,866,243,2026-07-23,Confirmed
942,801,37,2026-08-03,Confirmed
943,579,100,2026-08-14,Cancelled
944,807,50,2026-07-09,Confirmed
945,1189,28,2026-08-24,Cancelled
946,623,235,2026-08-11,Confirmed
947,282,227,2026-08-14,Confirmed
948,297,108,2026-07-14,Cancelled
949,401,5,2026-07-24,Confirmed
950,1179,53,2026-08-13,Confirmed
951,303,193,2026-08-30,Pending
952,345,29,2026-07-07,Confirmed
953,971,92,2026-08-30,Confirmed
954,1056,174,2026-08-07,Confirmed
955,305,207,2026-07-16,Confirmed
956,494,204,2026-08-01,Confirmed
957,354,193,2026-08-19,Confirmed
958,184,238,2026-08-25,Cancelled
959,783,141,2026-08-10,Confirmed
960,753,6,2026-07-08,Confirmed
961,250,251,2026-08-11,Confirmed
962,1044,116,2026-07-02,Confirmed
963,1173,246,2026-07-18,Confirmed
964,194,93,2026-07-25,Confirmed
965,889,153,2026-08-06,Confirmed
966,667,33,2026-08-15,Cancelled
967,1101,95,2026-07-26,Cancelled
968,41,202,2026-08-05,Cancelled
969,1086,251,2026-07-05,Confirmed
970,1198,276,2026-08-15,Cancelled
971,255,107,2026-08-12,Cancelled
972,371,93,2026-07-01,Confirmed
973,644,63,2026-07-03,Confirmed
974,423,83,2026-07-06,Confirmed
975,72,44,2026-07-08,Confirmed
976,745,279,2026-07-11,Confirmed
977,1,128,2026-07-20,Confirmed
978,1064,151,2026-08-12,Confirmed
979,287,296,2026-08-01,Confirmed
980,1071,181,2026-08-08,Confirmed
981,430,51,2026-08-12,Cancelled
982,486,19,2026-07-13,Confirmed
983,441,69,2026-08-08,Confirmed
984,736,143,2026-07-09,Confirmed
985,865,39,2026-08-05,Confirmed
986,782,84,2026-07-26,Confirmed
987,521,218,2026-08-30,Confirmed
988,1098,105,2026-07-05,Confirmed
989,552,99,2026-08-15,Confirmed
990,1048,84,2026-07-27,Cancelled
991,648,223,2026-07-25,Confirmed
992,507,40,2026-07-18,Confirmed
993,226,281,2026-07-27,Confirmed
994,183,186,2026-08-28,Confirmed
995,560,75,2026-08-25,Confirmed
996,561,6,2026-07-07,Confirmed
997,456,194,2026-08-30,Confirmed
998,253,90,2026-08-03,Confirmed
999,628,251,2026-07-07,Confirmed
1000,1172,145,2026-08-05,Confirmed
1001,203,25,2026-07-11,Confirmed
1002,798,93,2026-07-23,Cancelled
1003,1089,283,2026-08-08,Cancelled
1004,825,245,2026-08-07,Confirmed
1005,20,263,2026-08-15,Confirmed
1006,259,74,2026-07-25,Confirmed
1007,548,28,2026-08-28,Confirmed
1008,759,128,2026-08-13,Confirmed
1009,938,94,2026-07-29,Pending
1010,960,258,2026-07-19,Confirmed
1011,877,267,2026-08-30,Confirmed
1012,469,157,2026-08-10,Cancelled
1013,626,209,2026-08-19,Confirmed
1014,185,41,2026-07-05,Confirmed
1015,192,85,2026-08-06,Confirmed
1016,586,284,2026-08-29,Confirmed
1017,22,218,2026-08-13,Confirmed
1018,280,246,2026-08-01,Confirmed
1019,1091,64,2026-07-26,Confirmed
1020,390,4,2026-08-15,Confirmed
1021,1095,177,2026-07-16,Pending
1022,1082,22,2026-08-08,Confirmed
1023,346,269,2026-08-27,Confirmed
1024,154,188,2026-08-23,Confirmed
1025,724,27,2026-07-28,Confirmed
1026,350,192,2026-07-08,Confirmed
1027,512,277,2026-08-24,Confirmed
1028,242,149,2026-07-20,Confirmed
1029,543,110,2026-07-01,Confirmed
1030,1165,202,2026-07-14,Cancelled
1031,1056,19,2026-08-29,Confirmed
1032,1000,30,2026-07-23,Confirmed
1033,943,169,2026-07-20,Confirmed
1034,11,180,2026-08-26,Confirmed
1035,824,182,2026-07-01,Confirmed
1036,1008,102,2026-07-06,Confirmed
1037,315,211,2026-07-08,Cancelled
1038,15,80,2026-08-19,Confirmed
1039,464,241,2026-07-26,Confirmed
1040,747,220,2026-08-27,Confirmed
1041,552,56,2026-07-29,Confirmed
1042,900,83,2026-07-09,Confirmed
1043,889,3,2026-07-23,Cancelled
1044,407,57,2026-07-13,Confirmed
1045,274,203,2026-07-27,Confirmed
1046,65,83,2026-08-12,Confirmed
1047,982,137,2026-07-08,Confirmed
1048,1127,254,2026-08-21,Confirmed
1049,261,167,2026-08-18,Confirmed
1050,819,257,2026-08-16,Cancelled
1051,797,68,2026-07-08,Pending
1052,44,65,2026-07-10,Confirmed
1053,28,122,2026-07-04,Confirmed
1054,701,220,2026-08-08,Confirmed
1055,890,246,2026-07-19,Confirmed
1056,170,220,2026-07-16,Confirmed
1057,1048,96,2026-07-16,Confirmed
1058,236,135,2026-08-14,Confirmed
1059,879,102,2026-07-31,Confirmed
1060,212,258,2026-08-09,Confirmed
1061,305,118,2026-07-08,Confirmed
1062,79,141,2026-07-13,Cancelled
1063,874,10,2026-08-09,Confirmed
1064,105,195,2026-07-27,Confirmed
1065,474,114,2026-07-22,Confirmed
1066,126,262,2026-07-28,Confirmed
1067,624,57,2026-07-18,Confirmed
1068,719,215,2026-07-16,Confirmed
1069,98,94,2026-07-03,Confirmed
1070,659,109,2026-07-19,Confirmed
1071,207,221,2026-07-12,Confirmed
1072,1007,187,2026-07-22,Confirmed
1073,199,7,2026-08-13,Confirmed
1074,267,170,2026-07-24,Confirmed
1075,741,271,2026-08-08,Confirmed
1076,566,108,2026-08-07,Confirmed
1077,218,67,2026-08-10,Confirmed
1078,247,22,2026-08-07,Pending
1079,391,99,2026-08-15,Confirmed
1080,203,39,2026-08-30,Confirmed
1081,703,155,2026-08-16,Confirmed
1082,414,274,2026-08-16,Confirmed
1083,262,99,2026-07-27,Confirmed
1084,518,287,2026-07-23,Cancelled
1085,919,61,2026-08-28,Confirmed
1086,989,215,2026-08-03,Cancelled
1087,1032,12,2026-07-11,Confirmed
1088,265,149,2026-07-03,Pending
1089,125,98,2026-08-17,Cancelled
1090,1014,273,2026-08-25,Confirmed
1091,154,85,2026-07-29,Confirmed
1092,787,288,2026-08-19,Confirmed
1093,557,106,2026-07-12,Confirmed
1094,1172,112,2026-08-07,Confirmed
1095,1051,234,2026-08-02,Confirmed
1096,1076,133,2026-07-20,Cancelled
1097,607,138,2026-08-05,Confirmed
1098,459,24,2026-08-04,Confirmed
1099,81,76,2026-08-30,Cancelled
1100,273,139,2026-08-25,Confirmed
1101,510,108,2026-08-04,Confirmed
1102,712,189,2026-07-21,Confirmed
1103,1125,136,2026-08-16,Confirmed
1104,604,167,2026-07-04,Confirmed
1105,22,183,2026-07-15,Confirmed
1106,573,91,2026-07-17,Pending
1107,1101,299,2026-07-07,Confirmed
1108,783,132,2026-08-25,Confirmed
1109,1129,106,2026-08-22,Confirmed
1110,665,138,2026-07-14,Confirmed
1111,810,80,2026-07-29,Confirmed
1112,889,189,2026-07-10,Cancelled
1113,192,254,2026-07-12,Confirmed
1114,361,97,2026-08-06,Confirmed
1115,370,145,2026-07-02,Confirmed
1116,364,202,2026-08-13,Confirmed
1117,143,74,2026-07-05,Confirmed
1118,932,207,2026-07-07,Confirmed
1119,282,7,2026-08-08,Confirmed
1120,787,11,2026-07-08,Cancelled
1121,90,68,2026-07-16,Confirmed
1122,549,74,2026-08-30,Confirmed
1123,28,5,2026-08-20,Confirmed
1124,694,44,2026-07-13,Confirmed
1125,1153,228,2026-08-22,Confirmed
1126,680,246,2026-07-10,Confirmed
1127,1114,137,2026-08-10,Confirmed
1128,44,23,2026-07-07,Confirmed
1129,211,262,2026-08-26,Cancelled
1130,291,1,2026-08-28,Confirmed
1131,465,219,2026-07-25,Confirmed
1132,588,116,2026-08-28,Cancelled
1133,788,58,2026-08-01,Confirmed
1134,226,115,2026-07-07,Pending
1135,578,183,2026-07-05,Confirmed
1136,243,185,2026-08-29,Cancelled
1137,174,23,2026-08-08,Confirmed
1138,878,272,2026-07-22,Confirmed
1139,871,77,2026-08-27,Confirmed
1140,618,147,2026-07-23,Cancelled
1141,556,256,2026-08-12,Confirmed
1142,544,40,2026-08-20,Confirmed
1143,305,76,2026-07-21,Confirmed
1144,915,245,2026-08-22,Confirmed
1145,1184,219,2026-08-16,Confirmed
1146,186,166,2026-07-09,Confirmed
1147,789,181,2026-07-21,Confirmed
1148,986,212,2026-08-08,Confirmed
1149,683,71,2026-08-21,Cancelled
1150,504,197,2026-07-27,Confirmed
1151,1104,274,2026-08-01,Confirmed
1152,472,197,2026-07-06,Confirmed
1153,864,270,2026-08-06,Confirmed
1154,450,45,2026-07-16,Confirmed
1155,417,9,2026-07-24,Confirmed
1156,274,57,2026-07-04,Cancelled
1157,740,72,2026-07-19,Confirmed
1158,1130,216,2026-07-16,Confirmed
1159,460,29,2026-08-17,Confirmed
1160,294,194,2026-08-16,Confirmed
1161,870,191,2026-07-04,Confirmed
1162,1192,38,2026-07-31,Cancelled
1163,324,16,2026-07-10,Confirmed
1164,162,126,2026-07-05,Confirmed
1165,853,77,2026-08-18,Confirmed
1166,287,271,2026-08-14,Cancelled
1167,963,211,2026-08-16,Confirmed
1168,28,147,2026-07-08,Confirmed
1169,66,89,2026-08-02,Confirmed
1170,812,217,2026-08-13,Cancelled
1171,931,284,2026-08-15,Cancelled
1172,1172,257,2026-07-20,Confirmed
1173,868,81,2026-07-18,Pending
1174,1069,194,2026-08-30,Confirmed
1175,434,206,2026-08-09,Confirmed
1176,804,95,2026-08-22,Confirmed
1177,1146,40,2026-08-22,Confirmed
1178,978,161,2026-08-11,Confirmed
1179,780,85,2026-07-04,Cancelled
1180,869,100,2026-07-18,Confirmed
1181,160,186,2026-08-08,Confirmed
1182,688,15,2026-07-16,Confirmed
1183,1110,55,2026-07-05,Confirmed
1184,23,159,2026-07-13,Confirmed
1185,67,124,2026-07-18,Confirmed
1186,1168,290,2026-07-03,Confirmed
1187,991,24,2026-07-04,Confirmed
1188,633,5,2026-07-23,Confirmed
1189,816,257,2026-07-13,Confirmed
1190,801,183,2026-07-09,Confirmed
1191,200,170,2026-07-27,Cancelled
1192,1032,52,2026-08-02,Cancelled
1193,308,13,2026-08-07,Confirmed
1194,977,20,2026-07-19,Confirmed
1195,949,41,2026-08-26,Confirmed
1196,475,111,2026-08-21,Confirmed
1197,289,83,2026-08-02,Confirmed
1198,1072,175,2026-07-29,Confirmed
1199,695,149,2026-07-24,Confirmed
1200,883,21,2026-08-27,Confirmed
