flight_crew_id,schedule_id,crew_id
1,276,48
2,233,9
3,252,8
4,233,18
5,101,2
6,218,52
7,284,36
8,62,51
9,55,49
10,197,54
11,139,50
12,18,13
13,157,14
14,258,49
15,268,58
16,34,33
17,253,14
18,281,31
19,227,42
20,184,33
21,114,47
22,120,14
23,208,19
24,244,29
25,8,54
26,129,7
27,120,46
28,5,39
29,7,40
30,58,23
31,99,33
32,215,2
33,96,35
34,66,26
35,69,23
36,136,51
37,86,3
38,135,5
39,88,56
40,120,58
41,44,40
42,18,47
43,183,29
44,237,9
45,4,18
46,144,5
47,11,4
48,254,45
49,140,7
50,290,14
51,82,18
52,191,50
53,123,54
54,283,42
55,39,4
56,248,46
57,159,7
58,74,10
59,142,35
60,239,2
61,286,31
62,78,48
63,200,17
64,295,27
65,105,12
66,91,24
67,41,32
68,153,51
69,74,12
70,149,1
71,136,54
72,110,12
73,215,7
74,56,35
75,27,3
76,99,20
77,196,34
78,221,7
79,196,14
80,26,31
81,7,10
82,280,26
83,230,45
84,87,4
85,78,50
86,18,3
87,172,50
88,122,26
89,213,47
90,70,5
91,293,24
92,101,27
93,279,38
94,16,1
95,174,30
96,244,39
97,161,2
98,31,7
99,254,16
100,70,22
101,289,1
102,14,52
103,237,14
104,237,6
105,98,49
106,18,42
107,232,11
108,83,6
109,56,14
110,277,53
111,195,37
112,22,48
113,261,31
114,39,42
115,200,32
116,73,12
117,62,2
118,130,21
119,144,48
120,209,51
121,58,32
122,57,37
123,86,36
124,36,31
125,4,30
126,132,20
127,126,27
128,28,10
129,116,49
130,155,19
131,68,12
132,185,10
133,48,42
134,204,1
135,74,22
136,93,14
137,139,49
138,43,10
139,9,38
140,140,20
141,229,52
142,243,57
143,93,25
144,12,14
145,94,27
146,181,21
147,49,15
148,67,31
149,210,6
150,239,39
151,154,47
152,286,2
153,69,18
154,177,53
155,184,38
156,277,23
157,58,25
158,19,9
159,55,7
160,295,43
161,57,21
162,275,38
163,47,11
164,221,35
165,208,49
166,147,47
167,275,57
168,212,17
169,246,36
170,220,51
171,264,44
172,216,9
173,110,30
174,195,4
175,5,33
176,270,18
177,160,30
178,133,2
179,262,48
180,119,29
181,286,6
182,290,8
183,293,3
184,252,19
185,291,9
186,44,28
187,154,3
188,26,26
189,293,48
190,271,60
191,104,26
192,66,54
193,102,51
194,167,15
195,143,35
196,138,33
197,224,18
198,230,3
199,259,11
200,61,15
201,294,34
202,211,21
203,141,28
204,96,10
205,5,11
206,34,11
207,103,48
208,252,44
209,76,56
210,8,23
211,169,1
212,107,49
213,112,1
214,32,2
215,10,36
216,266,25
217,128,51
218,150,48
219,207,30
220,123,38
221,57,40
222,3,1
223,265,34
224,293,50
225,291,6
226,63,17
227,61,26
228,2,2
229,297,55
230,48,25
231,291,49
232,78,53
233,121,9
234,254,13
235,234,48
236,298,44
237,273,50
238,296,47
239,236,48
240,23,25
241,5,35
242,173,20
243,279,54
244,43,55
245,281,28
246,246,17
247,199,16
248,21,4
249,12,59
250,264,18
251,113,16
252,223,8
253,50,47
254,126,29
255,43,60
256,50,34
257,44,21
258,48,43
259,285,42
260,190,45
261,133,22
262,257,10
263,294,52
264,159,10
265,10,13
266,134,52
267,7,5
268,186,14
269,166,49
270,123,18
271,212,27
272,16,29
273,165,25
274,295,39
275,129,19
276,298,57
277,140,56
278,208,28
279,227,10
280,28,7
281,30,36
282,71,18
283,9,52
284,72,46
285,277,59
286,47,45
287,260,10
288,71,42
289,114,33
290,229,39
291,148,1
292,77,58
293,201,10
294,18,34
295,178,33
296,36,32
297,135,45
298,167,58
299,70,30
300,117,51
301,184,41
302,99,27
303,160,11
304,114,23
305,233,2
306,5,19
307,45,11
308,49,50
309,287,9
310,283,45
311,170,7
312,282,8
313,215,5
314,91,51
315,168,23
316,290,2
317,147,43
318,204,8
319,17,4
320,238,39
321,89,15
322,29,17
323,219,27
324,13,4
325,44,9
326,288,16
327,268,10
328,235,6
329,16,6
330,90,13
331,66,37
332,219,5
333,180,6
334,65,2
335,136,35
336,192,1
337,255,48
338,220,28
339,133,20
340,196,47
341,24,57
342,157,42
343,91,58
344,74,29
345,215,15
346,154,25
347,13,7
348,46,22
349,122,1
350,188,32
351,105,47
352,159,32
353,77,17
354,121,23
355,286,27
356,43,32
357,210,35
358,87,11
359,163,49
360,52,48
361,65,53
362,235,43
363,94,26
364,232,1
365,261,26
366,215,46
367,199,60
368,180,60
369,205,10
370,67,18
371,40,60
372,227,57
373,210,55
374,280,29
375,262,55
376,139,51
377,151,31
378,240,54
379,42,43
380,82,38
381,31,41
382,107,24
383,8,3
384,212,60
385,56,52
386,262,20
387,257,37
388,248,20
389,75,9
390,121,21
391,140,52
392,108,20
393,28,20
394,215,57
395,194,36
396,79,8
397,78,6
398,173,51
399,222,54
400,130,39
401,183,11
402,183,17
403,295,51
404,89,2
405,205,43
406,142,52
407,145,42
408,46,50
409,64,7
410,253,50
411,101,35
412,282,6
413,272,10
414,238,16
415,2,55
416,220,15
417,158,15
418,173,44
419,148,33
420,258,52
421,92,47
422,34,34
423,265,18
424,215,35
425,12,26
426,208,17
427,10,23
428,51,53
429,52,3
430,94,6
431,83,53
432,190,20
433,101,43
434,143,6
435,96,16
436,16,8
437,206,4
438,160,40
439,271,28
440,3,53
441,123,32
442,73,7
443,259,25
444,28,4
445,104,11
446,32,45
447,104,7
448,229,36
449,26,6
450,46,52
451,142,3
452,7,14
453,153,59
454,244,53
455,60,16
456,51,38
457,239,49
458,285,27
459,24,50
460,54,57
461,199,57
462,80,49
463,182,44
464,27,47
465,260,17
466,146,55
467,239,53
468,269,22
469,187,59
470,5,41
471,62,5
472,106,29
473,175,15
474,173,34
475,85,46
476,242,60
477,271,44
478,228,34
479,2,31
480,71,50
481,240,39
482,29,46
483,117,30
484,58,27
485,55,28
486,15,36
487,263,8
488,241,54
489,80,9
490,104,44
491,197,17
492,247,32
493,62,35
494,102,32
495,174,54
496,117,3
497,230,57
498,215,36
499,55,58
500,4,12
501,147,36
502,8,44
503,282,24
504,181,30
505,257,3
506,8,11
507,132,43
508,151,13
509,70,14
510,203,12
511,84,53
512,63,26
513,300,3
514,197,39
515,196,36
516,181,55
517,234,17
518,204,43
519,242,2
520,200,52
521,227,44
522,183,5
523,224,40
524,61,16
525,296,55
526,187,45
527,73,6
528,165,4
529,60,54
530,209,58
531,153,53
532,75,25
533,38,1
534,246,60
535,5,14
536,102,24
537,24,53
538,268,50
539,133,58
540,81,19
541,109,45
542,58,40
543,276,56
544,114,37
545,71,19
546,278,55
547,150,33
548,34,15
549,13,1
550,155,59
551,55,48
552,218,39
553,39,53
554,8,21
555,118,3
556,76,7
557,189,59
558,37,25
559,244,47
560,187,49
561,282,25
562,149,26
563,126,15
564,169,15
565,159,36
566,47,6
567,2,21
568,9,53
569,61,57
570,142,59
571,256,27
572,133,50
573,80,32
574,259,53
575,300,51
576,218,55
577,63,21
578,242,16
579,283,22
580,165,48
581,57,9
582,280,50
583,40,58
584,230,59
585,253,22
586,51,9
587,120,38
588,191,49
589,289,32
590,260,7
591,175,24
592,133,10
593,193,55
594,24,49
595,237,11
596,117,47
597,197,2
598,79,19
599,150,28
600,190,50
601,144,28
602,237,30
603,73,3
604,184,5
605,227,7
606,14,30
607,105,4
608,257,30
609,63,24
610,197,52
611,135,49
612,247,35
613,118,31
614,32,14
615,51,32
616,163,20
617,117,34
618,9,50
619,96,57
620,227,19
621,38,54
622,155,33
623,167,46
624,236,43
625,26,11
626,289,12
627,171,17
628,202,44
629,271,26
630,76,58
631,231,12
632,285,34
633,230,27
634,220,17
635,70,1
636,229,42
637,194,44
638,106,10
639,245,5
640,106,22
641,107,47
642,281,59
643,206,31
644,214,45
645,71,23
646,65,14
647,259,54
648,27,27
649,16,52
650,135,34
651,268,26
652,120,12
653,30,45
654,121,17
655,4,23
656,14,44
657,269,54
658,75,31
659,103,37
660,215,48
661,43,58
662,168,39
663,231,28
664,132,50
665,5,21
666,99,44
667,165,27
668,231,4
669,243,33
670,238,32
671,174,23
672,131,11
673,224,55
674,40,38
675,15,16
676,270,17
677,76,55
678,93,31
679,108,56
680,207,48
681,67,30
682,106,12
683,31,46
684,91,12
685,76,31
686,53,7
687,39,54
688,238,54
689,190,42
690,251,28
691,62,32
692,85,4
693,151,11
694,279,24
695,59,19
696,138,54
697,283,26
698,296,36
699,120,3
700,192,12
701,54,54
702,218,38
703,300,55
704,92,12
705,16,58
706,93,48
707,212,37
708,282,1
709,49,57
710,137,12
711,204,18
712,254,54
713,40,4
714,217,35
715,13,56
716,37,29
717,238,57
718,10,59
719,111,52
720,42,26
721,100,29
722,21,57
723,176,44
724,6,3
725,150,38
726,102,14
727,95,27
728,235,12
729,130,59
730,144,25
731,296,15
732,58,56
733,226,11
734,289,18
735,228,28
736,124,59
737,285,1
738,277,15
739,289,3
740,204,49
741,167,17
742,32,11
743,180,40
744,282,21
745,56,45
746,113,48
747,116,9
748,237,45
749,81,49
750,253,12
751,277,56
752,294,8
753,199,15
754,179,42
755,25,20
756,289,53
757,220,4
758,65,54
759,221,46
760,215,29
761,203,42
762,170,53
763,88,30
764,156,23
765,106,38
766,251,17
767,192,2
768,232,47
769,1,33
770,280,28
771,155,53
772,2,27
773,254,24
774,212,55
775,12,11
776,23,35
777,6,43
778,53,37
779,88,39
780,24,11
781,96,50
782,154,57
783,122,40
784,17,18
785,133,35
786,294,59
787,18,38
788,116,12
789,81,23
790,99,16
791,4,11
792,126,23
793,35,3
794,79,52
795,192,58
796,170,23
797,31,8
798,116,22
799,146,22
800,18,15
801,208,38
802,284,52
803,287,19
804,107,40
805,100,49
806,126,13
807,84,19
808,127,26
809,84,38
810,219,9
811,4,52
812,276,2
813,178,37
814,276,42
815,119,8
816,138,49
817,139,6
818,83,57
819,297,4
820,228,50
821,171,49
822,202,21
823,69,4
824,61,10
825,125,32
826,206,13
827,39,31
828,236,20
829,191,18
830,82,5
831,8,25
832,94,39
833,138,42
834,48,37
835,105,58
836,230,22
837,203,29
838,39,45
839,118,7
840,247,24
841,119,47
842,206,9
843,217,55
844,141,31
845,164,10
846,261,41
847,205,17
848,197,7
849,73,45
850,14,57
851,218,8
852,230,52
853,118,2
854,3,37
855,82,43
856,273,58
857,138,21
858,32,13
859,86,46
860,55,5
861,182,45
862,118,56
863,6,21
864,49,18
865,108,47
866,72,7
867,298,41
868,54,20
869,122,43
870,26,34
871,227,32
872,237,41
873,72,17
874,65,24
875,129,56
876,68,10
877,48,33
878,280,16
879,131,41
880,165,45
881,277,51
882,57,38
883,4,20
884,278,31
885,253,3
886,221,32
887,196,54
888,295,13
889,107,57
890,121,49
891,88,38
892,286,28
893,182,7
894,184,56
895,30,11
896,175,30
897,278,43
898,149,28
899,141,4
900,267,22
