passenger_id,name,gender,email,phone,passport_number
1,Allison Hill,Female,donaldgarcia@example.net,9318106480,N7219396
2,Angie Henderson,Female,davisjesse@example.net,9544454140,N1766977
3,Cristian Santos,Male,lrobinson@example.com,9895913682,N3448176
4,Abigail Shaffer,Male,jpeterson@example.org,9380004069,N8005797
5,Gabrielle Davis,Female,howardmaurice@example.com,9263650505,N4291551
6,Monica Herrera,Female,smiller@example.net,9346980616,N7372653
7,Shannon Ray,Male,williamsjeremy@example.com,9636120880,N6663388
8,Dr. Sharon James,Female,xreid@example.org,9919652226,N9197701
9,Daniel Adams,Female,lynchgeorge@example.net,9594811370,N3822492
10,Joel Nelson,Female,gabriellecameron@example.org,9281747678,N3348114
11,Andrew Stewart,Female,carl95@example.org,9297619784,N1985360
12,Jennifer Rocha,Male,ithomas@example.org,9179811669,N1813936
13,Kimberly Burgess,Male,zhurst@example.com,9542802779,N3306725
14,Zachary Hicks,Male,camposmichelle@example.org,9172980019,N3533857
15,Rebecca Henderson,Male,cruzcaitlin@example.com,9334848459,N9484790
16,Tricia Valencia,Female,frazierdanny@example.net,9500721199,N2014184
17,Patricia Peterson,Female,ryan70@example.net,9807901168,N9184838
18,Deborah Mason,Male,williamrodriguez@example.net,9107099962,N9929043
19,Mark Lynch,Female,nathanielmartin@example.net,9112724887,N1280618
20,Linda Burns,Female,hickmannatasha@example.com,9675244407,N5809835
21,David Bradley,Male,millertodd@example.org,9639250352,N8223819
22,Kim Martinez,Male,karroyo@example.com,9214908010,N2615878
23,Lisa Brandt,Male,jenniferross@example.net,9358738317,N4220085
24,Jessica Holmes,Female,wrightcaleb@example.org,9975329786,N6946534
25,Crystal Robinson,Female,zimmermanbrian@example.org,9953556386,N7658817
26,Shannon Jones,Male,joshuawashington@example.net,9500561082,N7812009
27,Timothy Duncan,Female,esanchez@example.com,9706666479,N5080351
28,Brent Jordan,Male,ujenkins@example.org,9422095317,N2352527
29,Victoria Garcia,Male,zchandler@example.org,9200395400,N7799441
30,Connor West,Female,dwhite@example.org,9504982743,N8986040
31,Angela Morton,Male,williamsyvette@example.org,9783703040,N1158547
32,Tammy Allison,Male,richardolson@example.com,9188783547,N9386232
33,Carmen Smith,Female,ybaker@example.com,9792463878,N6557798
34,Michael Cross,Male,smoore@example.org,9667106600,N1713900
35,Lauren Daniels,Male,brian97@example.net,9327007332,N8977571
36,Kim Brown,Female,yorkcasey@example.org,9149995533,N2247353
37,Cynthia Wilson,Female,bethwilliams@example.org,9683074772,N1552000
38,Kevin Mills,Male,james53@example.com,9437675369,N1262699
39,Michael Evans,Male,sarah10@example.com,9730325223,N3419132
40,Kristine Garcia,Female,williamanderson@example.com,9182611003,N6021033
41,Sherry Wood,Male,samueldaniels@example.com,9705545509,N5034453
42,Victoria Valdez,Female,contrerasangela@example.net,9826960759,N6565503
43,Shawn Baker,Female,newtoneric@example.com,9911329267,N3347981
44,Michelle Harris,Male,william40@example.org,9637722224,N6802559
45,Sandra Williams,Male,kellie42@example.net,9204889313,N8333124
46,Michael Hoffman,Male,jonesnicole@example.org,9181623972,N6714198
47,Sandra Aguilar,Female,russellwilliams@example.com,9930598266,N6475691
48,Rebecca Valencia,Male,jason31@example.com,9780884334,N5585666
49,Stacey Russell,Female,sarayoung@example.org,9626781451,N4827527
50,Rita Keith,Female,whitesandra@example.com,9693819730,N7298619
51,Sharon Cochran,Female,erik16@example.org,9299434489,N7376562
52,Courtney Velasquez,Male,ybailey@example.org,9929108437,N5955645
53,Matthew Ross,Male,michelle45@example.net,9865694462,N2233237
54,Meghan Anthony,Male,sheila14@example.org,9387732777,N3587398
55,Victoria Johnson,Female,yreed@example.com,9864157523,N3588336
56,William Wilson,Female,jonathanfletcher@example.org,9440030663,N7051545
57,Renee Mcdaniel,Male,michaeljones@example.net,9198269319,N1087161
58,Lisa Alvarado,Female,cortezkevin@example.com,9577531502,N7038413
59,Erika Terry,Female,jamesortega@example.com,9209770151,N3223098
60,Stephanie Gilbert,Male,richard04@example.com,9301210399,N8230636
61,Richard Lawson,Female,steven73@example.net,9698058121,N9597330
62,Steven Flynn,Female,donnacampbell@example.net,9210909937,N1440601
63,Frances Cardenas,Male,emilywalker@example.org,9480012570,N2561359
64,Angel Riggs,Female,gibsonolivia@example.net,9513646070,N1207041
65,Michael Snyder,Female,dylanwatts@example.org,9544325176,N7506196
66,Colleen Brock,Male,pwilliams@example.org,9878295151,N5072543
67,Robert Contreras,Male,stephanie79@example.net,9835852444,N7387623
68,Jessica Meadows,Male,vmerritt@example.com,9249078381,N5511711
69,Paul Larsen,Female,katie87@example.net,9388199600,N9273246
70,Jeremiah Reeves,Male,josephflores@example.net,9167932588,N3805274
71,Chris Reyes,Female,jasminebrown@example.com,9396311802,N8064924
72,John Brown,Female,xprice@example.net,9619939412,N2290526
73,Alicia Gilmore,Female,wwoods@example.com,9370260533,N5137094
74,Sarah Ashley,Female,vmedina@example.net,9737594763,N4280754
75,Stephanie Freeman,Female,ryan06@example.com,9214860711,N3273137
76,Rebecca Ramsey,Female,ncalhoun@example.net,9107266407,N7638609
77,James Elliott,Female,millerroy@example.com,9765926290,N7373495
78,David Murphy,Female,wmurphy@example.com,9572685761,N6615941
79,Trevor Fisher,Female,ruizkaitlyn@example.org,9975610118,N3283789
80,Mrs. Marie Harrington DDS,Female,herringjames@example.org,9444311586,N4369728
81,Cynthia Wells,Female,elliottjeffery@example.net,9437351729,N3980258
82,Jacob Obrien,Female,stricklandfrank@example.com,9442671456,N5889688
83,Alexander Collins,Female,tsanders@example.org,9718345671,N5067204
84,Michael Burton,Female,terrykevin@example.net,9503786306,N5702656
85,Barbara Riggs,Female,reedross@example.com,9491932454,N2910720
86,Matthew Smith,Male,gshort@example.com,9735898931,N4018677
87,Madison Poole,Male,ryangross@example.net,9880839406,N8744735
88,Robert Medina,Male,umarshall@example.net,9570787423,N5887726
89,Samuel Rivas,Male,ramirezshannon@example.com,9979357576,N7864256
90,Mary Rogers,Female,lrosales@example.com,9249442440,N6080688
91,Robert Peterson,Male,angela83@example.org,9371314895,N3586094
92,Jason Peters,Female,hannahbrewer@example.com,9947264726,N7324856
93,Alan Phillips,Male,tholt@example.net,9582181718,N9040224
94,Kara Schmidt,Female,jbarajas@example.com,9673772626,N9499549
95,Jesse Parker,Female,davidlee@example.org,9683734594,N1616817
96,Tiffany Vaughn,Female,javierwashington@example.net,9853374076,N2425760
97,Paige Carlson,Male,wallkenneth@example.com,9925658123,N5164624
98,Adrian Ferguson,Female,brandon08@example.com,9278604592,N1743175
99,Beth Oneill,Female,agarcia@example.net,9908186980,N6563269
100,John Peterson,Female,kingmichelle@example.org,9213757100,N1176962
101,Jennifer Jones,Male,hernandezlisa@example.com,9377818215,N4724560
102,David Grant,Male,yobrien@example.net,9578651079,N7276684
103,Joseph Hayes,Female,levans@example.com,9597210335,N9396422
104,Marc Lynch,Male,mezajared@example.org,9470405910,N1412092
105,Brad Allen,Female,moorericky@example.net,9212259020,N5956530
106,Doris Hall,Female,jacqueline71@example.net,9192185888,N2947320
107,Dennis Moody,Male,ronaldstephens@example.net,9474015041,N6232651
108,Derek Thomas,Female,martinkyle@example.net,9588909690,N4470657
109,Tammy Gonzales,Female,sbarker@example.com,9473984594,N8988681
110,Kathryn Snyder,Male,georgepamela@example.net,9570477095,N8590804
111,David Davis,Female,keyemily@example.com,9172127903,N6037595
112,Pamela Thompson,Male,lmoon@example.net,9969930526,N2930810
113,Robert Costa,Male,vbailey@example.com,9468377143,N2834801
114,Shannon Rivera,Male,zroberts@example.net,9895094534,N5092180
115,Brandon King,Male,cordovarichard@example.net,9692609167,N3686631
116,April Booth,Female,mgutierrez@example.net,9701133236,N8153291
117,Peter Garrett,Female,harrisandrea@example.com,9348952994,N7795568
118,Michael Martinez,Male,jennifercollins@example.org,9300131434,N8250013
119,Anna Gay,Female,murraydavid@example.org,9131344962,N4310554
120,Dr. Jordan Hill PhD,Female,jsanchez@example.org,9735873300,N8206700
121,Thomas Romero,Female,michellehill@example.com,9104778194,N4603680
122,Richard Adams,Male,campbellkenneth@example.net,9398870482,N2049645
123,Mary Grimes,Male,wryan@example.com,9958459117,N4136665
124,Kimberly Gibson,Female,molly39@example.com,9450023635,N4306357
125,Reginald Williams,Female,zthornton@example.com,9222358216,N5401559
126,Matthew Hoover,Female,tylerjohnson@example.net,9666629680,N6258048
127,Evelyn Garcia,Female,dgarcia@example.org,9756387421,N7585795
128,Jennifer Pena,Male,charlesharrington@example.com,9473581239,N6905327
129,Michael Santos,Female,melissa86@example.com,9762888128,N3894531
130,Stacy Freeman,Female,williamsonjimmy@example.net,9759797724,N2421902
131,Yolanda Francis,Male,wgood@example.net,9436280635,N2977390
132,Ashlee Jackson,Male,rebecca05@example.org,9427899285,N2962077
133,James Thomas,Male,yknight@example.org,9500834337,N3371602
134,Bob Pitts,Female,tyleraguilar@example.org,9549080818,N3313029
135,David Scott,Female,nolansteven@example.com,9554234434,N4116429
136,Brooke Alexander,Female,vanessa46@example.net,9782364690,N3906397
137,Ryan Gonzalez,Male,gcastaneda@example.org,9625749126,N5845843
138,Ian Phillips,Male,andrew64@example.org,9300895568,N6277776
139,Melissa Garner,Female,lozanojulie@example.com,9765086407,N1899447
140,Crystal Pham,Female,danaoliver@example.net,9110290140,N9130388
141,Patricia Becker,Male,courtneyberger@example.net,9309517616,N7441514
142,Richard Johnson,Female,jessica14@example.com,9539304662,N9249791
143,Casey Anderson,Female,alyssa42@example.com,9862509565,N8446596
144,Terry Coffey,Female,julie51@example.com,9279587066,N2386982
145,Brenda Levy,Male,zcoffey@example.net,9954570592,N4699871
146,Richard Smith,Female,gibsonemily@example.net,9135106082,N5611266
147,James Little,Male,daniel37@example.org,9677252858,N5843084
148,Terri Murphy,Male,deborahreid@example.com,9938313402,N8672579
149,Elizabeth Ortiz,Female,brandonjohnson@example.com,9690263993,N9569902
150,David Medina,Male,qchavez@example.net,9714947037,N2916069
151,Kimberly Matthews,Female,nicolepena@example.com,9932271276,N7154919
152,Teresa Ramirez,Male,jeff73@example.com,9916048218,N8404902
153,Michael Stephens,Male,bruce43@example.org,9556506372,N2718262
154,Samantha Davis,Male,darleneharper@example.org,9419662531,N1540736
155,Gavin Zhang,Female,caseyhubbard@example.org,9382195698,N6848151
156,Robin Hall,Male,kristinacarlson@example.com,9571447714,N2969410
157,Brianna Anderson,Male,lauren10@example.org,9325354965,N6882609
158,Richard Young,Female,alfred40@example.org,9278221407,N3335975
159,Kelly Reese,Male,xwest@example.net,9973521043,N4471922
160,Jodi Walker,Male,acostaregina@example.net,9712112671,N6885707
161,Judith Maynard,Female,lutzmelanie@example.com,9740871060,N3824903
162,Katherine Browning,Female,lammarc@example.org,9855971970,N5909595
163,Donald Schultz,Female,oscar98@example.com,9714970148,N5485272
164,Larry Garcia,Male,farrelldebra@example.net,9245587477,N7905438
165,Cindy Hayes,Male,robertwilcox@example.com,9397773877,N3128830
166,Brandon Simmons,Male,nicholas27@example.org,9368088898,N3453557
167,Bradley Reynolds,Female,lisa80@example.net,9989575564,N5153279
168,Kristina Santiago,Female,qgomez@example.com,9625552311,N3385244
169,Michelle Schmitt,Female,michael98@example.org,9774108885,N7949543
170,John Boone,Female,megan51@example.com,9585322421,N2266952
171,Renee Bruce,Male,lynchdiane@example.net,9532557724,N9650558
172,Christopher Park,Female,sandra50@example.org,9845932321,N7191986
173,Kylie Morales,Female,joycebonilla@example.org,9624033772,N6491002
174,Cindy Barnes,Male,eric45@example.net,9931221434,N2562657
175,Sophia Moore,Female,craigjoseph@example.net,9781654847,N7009980
176,Lawrence Perry,Male,kariwilson@example.com,9954352670,N9966154
177,Michael Watkins,Female,brandon69@example.org,9333893106,N8208215
178,Eric Clark,Male,kathrynroberts@example.org,9631196129,N5505300
179,Paul Thompson,Female,opatel@example.net,9989427187,N5757902
180,Mary Gomez,Female,chensley@example.com,9687670209,N3191007
181,Thomas Atkins,Female,tberry@example.net,9946434607,N6766993
182,Brian Smith,Male,george97@example.net,9149330844,N2670586
183,Anita Richard,Female,ryanmorales@example.org,9117481970,N3084353
184,Eric Morgan,Male,kimberly18@example.net,9573827182,N8659103
185,Jordan Bullock,Male,michael23@example.org,9559346003,N4394336
186,Craig Morrison,Male,thompsonkendra@example.com,9797929178,N6064462
187,Justin Riley,Male,michelle52@example.com,9394226159,N2565985
188,Jeremy Turner,Female,brittany58@example.org,9368853440,N2382787
189,Jesse Brown,Female,chase19@example.net,9813510897,N3777050
190,Julie Spencer,Male,colelisa@example.net,9525568516,N6125594
191,Larry Mason,Male,hayeslisa@example.com,9560883210,N2530068
192,Mrs. Maria Williams,Male,hritter@example.net,9101166414,N4580613
193,Helen Hardin,Female,vortiz@example.net,9183686071,N3226333
194,Rachel Holland,Male,riveraangela@example.com,9657749020,N8466983
195,Nathaniel Douglas,Male,mathewaguilar@example.org,9108657116,N6764217
196,Emily Douglas,Male,tanderson@example.org,9553456129,N3217531
197,James Conner,Female,elizabethcalderon@example.net,9176051319,N4841091
198,Susan Davis DDS,Female,andrew42@example.org,9195918514,N2718442
199,Ralph Lee,Male,ericphillips@example.org,9436458586,N7166661
200,Kimberly Rodgers,Female,stanleynancy@example.net,9247241457,N7420993
201,James Martin,Male,jenniferwilliams@example.com,9788887139,N3396676
202,Cynthia Wallace,Male,karen73@example.net,9669628927,N1142182
203,Vincent Mueller,Male,michealvalentine@example.com,9572553155,N6891952
204,Douglas Reyes,Male,mburch@example.net,9774395804,N3539636
205,David Davidson,Female,angela18@example.org,9761506578,N8421969
206,Phillip Nelson,Male,mariahdavis@example.org,9193080561,N2685524
207,Stacey Arias,Male,gbrown@example.com,9907932366,N3066235
208,Zachary Brooks,Female,florescory@example.net,9477458516,N8203947
209,Raven Taylor,Female,samantha72@example.net,9949412096,N3345961
210,Luis Bullock,Male,scottmary@example.net,9397391755,N2413458
211,Lisa Henderson,Male,john10@example.org,9694205108,N5780177
212,Riley Bryant,Male,copelandvincent@example.net,9806957378,N6060836
213,Jose Allen,Male,kellysmith@example.com,9655928892,N9548370
214,Jason Beck,Male,millsmichael@example.net,9902990996,N7572491
215,Rachel Romero,Female,myerstheodore@example.net,9793819512,N1915518
216,James Burgess,Male,kristina53@example.net,9631381642,N7474085
217,Ashley Perkins,Male,dennis58@example.com,9358859561,N9381604
218,Carrie Maxwell,Male,epollard@example.net,9667243311,N1202450
219,Chad Baldwin,Female,mjohnson@example.org,9439809925,N3214305
220,Stacey Stewart,Female,zachary87@example.com,9710293796,N8060918
221,Matthew Mitchell,Female,glennmartin@example.org,9686645526,N3898604
222,Jessica Ross,Female,ykline@example.com,9927175323,N2224599
223,Kathleen Jimenez,Male,laurie61@example.com,9730676755,N2133008
224,Samantha Gardner,Male,curtis54@example.com,9381519299,N4619565
225,Mitchell Jackson,Male,cbell@example.net,9164927936,N7676912
226,Heather Bolton,Female,danielle01@example.net,9774922644,N9406206
227,Heidi Owen,Female,stephaniethomas@example.net,9554810443,N7749095
228,Jessica Martinez,Male,kimberlydiaz@example.com,9787771674,N3561552
229,Amanda Hernandez,Female,xrush@example.com,9189761677,N6199374
230,Laura Moreno,Male,redwards@example.org,9649009234,N4409088
231,Allison Lopez,Male,hmcintyre@example.com,9675944565,N6481960
232,Michele Lewis,Female,heather73@example.org,9729682105,N2109227
233,Benjamin Thompson,Female,zosborn@example.net,9850197517,N8339797
234,Victoria Contreras,Male,piercekelly@example.com,9162176039,N5101689
235,Michelle Ho,Male,laurahicks@example.org,9566523205,N2945931
236,Dr. Cynthia Snyder,Female,angela57@example.net,9757448675,N1923227
237,Stephen Jones,Female,ukey@example.com,9815197502,N3946849
238,Patricia Morrow,Male,martinezlogan@example.org,9113598909,N3302031
239,Michael Cooper,Male,katrinaanderson@example.net,9275913951,N9328426
240,Amy Martinez,Female,kevinmartin@example.net,9661572729,N9677559
241,Travis Stone,Female,meghan43@example.net,9279275105,N7238933
242,Denise Weber,Male,shawgary@example.net,9905066256,N5509119
243,Matthew Le,Male,megan90@example.org,9928316966,N1492516
244,Travis Wise,Female,debra96@example.net,9966625455,N8202871
245,Kathleen Burton,Female,dawn47@example.org,9662484182,N2071594
246,Melinda Evans,Female,barkereric@example.com,9864851260,N2293020
247,Mr. Lawrence Edwards,Female,jessica56@example.org,9588764892,N9569497
248,Kayla Rodriguez,Female,stevenadams@example.org,9159527291,N9382064
249,Anthony Dougherty,Male,kwright@example.com,9494801749,N3639223
250,Michelle Lee,Female,tyronerobertson@example.com,9930355646,N2726457
251,Kathleen Davis,Male,pwagner@example.org,9345247378,N9536665
252,Amber Campbell,Male,amitchell@example.org,9147285340,N1206159
253,Stephen Luna,Male,zdiaz@example.org,9149372289,N8914896
254,Chloe Tran,Female,hughesshannon@example.net,9511221078,N3518002
255,William Becker,Male,andersoncolin@example.com,9137971349,N8035849
256,Gina Mcmillan,Male,jameshicks@example.net,9445532283,N5165165
257,Andrew Reeves,Female,jstone@example.net,9873403266,N6367620
258,Brenda Velazquez,Female,francisco94@example.net,9986907524,N2306728
259,Ronald Patel,Female,thomas05@example.com,9228205773,N9422849
260,Veronica Silva,Male,carlsonjoseph@example.net,9292569534,N4744423
261,Paula Lane,Male,silvageorge@example.net,9530489781,N2156393
262,Patricia James,Female,anthonyvaughan@example.org,9403124688,N6212643
263,Jeremy Barnes,Female,avaughn@example.net,9192755745,N8662929
264,Tami Salas,Male,thorntonapril@example.net,9496124146,N4366703
265,Matthew Fox,Female,sue78@example.com,9705382875,N6098752
266,Megan Dillon,Male,chelsea33@example.com,9598137488,N7178606
267,Courtney Dudley,Female,kellie37@example.com,9929587172,N4278644
268,Justin Michael,Male,keith98@example.com,9261669421,N1107003
269,Jennifer Reed,Female,kellyroberts@example.net,9125673445,N4909053
270,Thomas Douglas,Female,ilewis@example.com,9782837348,N1160974
271,Melissa Taylor,Female,johnsantiago@example.net,9101569849,N7312844
272,David Garcia,Female,jennifer12@example.org,9211614410,N4442590
273,Vanessa Moore,Male,mwoods@example.com,9550773824,N9254874
274,Matthew Velez,Male,pearsonjesse@example.net,9252872361,N5694689
275,Taylor Gentry,Male,robertmonroe@example.org,9147137549,N4883465
276,Jennifer Simpson DVM,Female,nancy04@example.net,9852528635,N7249378
277,Tanya Rogers,Female,ihays@example.net,9903050869,N2424426
278,Todd Rosales MD,Male,lisarivera@example.net,9642698931,N3239990
279,David Lopez,Female,krystal93@example.org,9180348617,N2044933
280,Margaret Sullivan,Female,frobertson@example.com,9811293744,N3192921
281,Cathy Taylor,Male,shari04@example.com,9413184748,N5378701
282,Paul Finley,Female,brandi90@example.com,9959870518,N7592651
283,Melissa Brown,Female,marshallerik@example.net,9441511874,N8596016
284,Stephanie Padilla,Female,hannah45@example.net,9350838144,N2253047
285,Tyler Mendoza,Male,madkins@example.com,9246148980,N2828260
286,Joshua Ruiz,Male,kathleenbecker@example.net,9213449146,N3757754
287,Angela Griffin,Female,christian91@example.org,9600422869,N6268604
288,Stephanie Harris,Female,franklinbond@example.com,9229640083,N9991321
289,Daniel Aguilar,Female,nolansean@example.org,9927142786,N4483557
290,Jose Bryant,Female,hansenemily@example.com,9431042889,N8773665
291,Jennifer Velasquez,Female,bethwilliams@example.com,9228756206,N2517010
292,Kimberly Brown,Male,andersenthomas@example.com,9967150570,N6103880
293,Randy Cannon,Male,ybrooks@example.com,9330876810,N6499465
294,Susan Bennett,Male,desireebailey@example.org,9197939109,N5164420
295,Jenna Anderson DVM,Female,avilatiffany@example.com,9525464250,N9614423
296,Kimberly Patel,Male,johnreed@example.com,9827120114,N6013715
297,Shaun Cannon,Female,pachecorobert@example.org,9980564513,N3917016
298,Austin Wheeler,Male,tharper@example.org,9534212844,N8586676
299,Andrew Gonzales,Male,karenparsons@example.org,9201710492,N8751799
300,Donna Cabrera,Male,barbara53@example.com,9963177562,N3345338
301,Victoria Boyd,Male,dturner@example.net,9112838650,N2034637
302,Sheryl Buck,Male,dpeters@example.com,9240354421,N4324120
303,Megan Floyd,Female,heather62@example.com,9499689381,N2409947
304,Paul Wells,Female,kevinzimmerman@example.com,9972680546,N2258076
305,Kristina Faulkner,Male,paulscott@example.com,9169226321,N4317700
306,Tammy Boone,Female,nicholsmaria@example.org,9968977829,N3160763
307,Michael Morrison,Male,lopezkathleen@example.net,9990514408,N6562484
308,Claire Clark,Male,kevin03@example.org,9145844821,N8734211
309,Autumn Key,Male,srocha@example.net,9280377032,N8267158
310,Jennifer Allen,Female,kimberly67@example.net,9632711663,N1494630
311,Elizabeth Ward,Female,zowens@example.net,9833594284,N8158234
312,Ryan Rocha,Male,lawrence09@example.org,9480043678,N4602338
313,Alexis Tran,Male,mphillips@example.com,9395259429,N5695180
314,Kelly Sanchez,Female,jonathan77@example.com,9259591761,N1581321
315,Robert Jackson,Male,iwhite@example.net,9795009888,N5951043
316,Kelly Combs,Female,landryelizabeth@example.org,9542373256,N9036805
317,Ryan Hall,Male,albertwagner@example.com,9194190297,N5693862
318,Mark Peck,Female,bhopkins@example.org,9247356051,N8033593
319,Jennifer Smith,Male,amanda40@example.net,9790042893,N9821696
320,Megan Drake,Male,danieldavis@example.org,9777267364,N1327658
321,Manuel King,Female,joseph61@example.com,9939575663,N7024901
322,Judy Sanchez,Female,kevinclayton@example.org,9684671539,N9131572
323,Shannon Malone,Female,sullivannicholas@example.com,9707363258,N9428760
324,Adam Jackson,Female,pbruce@example.com,9517021222,N5537157
325,Shannon Davis,Male,hallrachel@example.net,9127984900,N6349877
326,Karen Williams,Male,cohenjuan@example.net,9131464348,N5713268
327,Amanda Mcfarland,Male,alexis39@example.org,9968285490,N8913550
328,Michelle Sanders,Female,evansanne@example.net,9923390510,N4905100
329,Jasmine Mosley,Male,patrick21@example.net,9207518427,N5158351
330,Haley Davis,Male,marypeterson@example.net,9386181187,N9953825
331,Jennifer Ayala,Male,walterskristen@example.com,9920392140,N4681115
332,Henry Pugh MD,Female,nmiller@example.com,9480968571,N3914404
333,Michelle Miller,Male,normanbowers@example.org,9353994846,N6335227
334,Emily Rodriguez,Female,hahnsean@example.com,9735185398,N1473227
335,Brandon Jordan,Female,fgarcia@example.com,9709511014,N3384080
336,Linda Mueller,Male,asmith@example.com,9998396384,N9258194
337,Misty Hansen,Female,ashleyjackson@example.com,9288502642,N9228157
338,Derrick Adams,Male,bryanhamilton@example.com,9196913120,N1942342
339,Richard Ward,Male,jennifersimpson@example.net,9746030501,N4671004
340,Brian Torres,Male,ncook@example.com,9665269791,N9019324
341,Erin Cook,Male,kevinmorrison@example.net,9456196659,N4380011
342,Ernest Oconnell,Male,kelly79@example.org,9465887237,N3977282
343,Douglas Hartman,Female,daniel93@example.net,9163947730,N1367637
344,Catherine Saunders MD,Male,nhahn@example.com,9729866807,N3376537
345,Sandra Jones,Male,ichambers@example.net,9665104817,N7121835
346,David Moore,Male,emccormick@example.com,9501140044,N7636992
347,Karen Morales DDS,Male,ystephens@example.com,9461379699,N6062779
348,Robin Wheeler,Female,rodriguezjohn@example.net,9246513857,N3642476
349,Matthew Williams,Female,vrasmussen@example.com,9950234433,N9173859
350,Brett Walker,Female,seanmyers@example.net,9287048690,N6986539
351,Kathryn Cooper,Male,webbkenneth@example.org,9814609188,N3941912
352,Todd Thomas,Female,matthew38@example.com,9429448930,N5941179
353,Brent Bowen,Male,tflores@example.org,9290812817,N1030163
354,Ashley Sweeney,Female,byrdfrank@example.net,9927672827,N1543292
355,Christopher Moore,Male,omullen@example.com,9746809909,N6338793
356,Charlotte Sandoval,Male,njohnson@example.org,9786815488,N2746679
357,Jeffrey Smith,Female,jamiegoodwin@example.org,9251014666,N6556084
358,Rebecca Herrera,Male,mark71@example.com,9355546183,N6818508
359,Katherine Church,Female,candice96@example.net,9280267742,N2488575
360,Harold Ellis,Female,lisamccarthy@example.com,9579565240,N1191186
361,Leslie Powers,Female,david41@example.org,9325146786,N5186600
362,Charles Price,Male,baileyhenderson@example.com,9476326283,N5306005
363,Melissa Brewer,Male,angelaburns@example.org,9873538202,N1021494
364,Ryan Harvey,Male,stephanie72@example.org,9514396801,N8352113
365,Tracey Wagner,Female,fortiz@example.com,9278604541,N7946088
366,Jill Jackson,Female,flynnjeffrey@example.org,9506639535,N6892681
367,Joshua Jackson,Female,xcunningham@example.com,9208908082,N9044494
368,Ashley Wilson,Male,amber07@example.net,9274651099,N8571346
369,Jeffery Fitzgerald,Male,kennethkidd@example.com,9958128631,N1560573
370,Scott Miller,Female,rowejoel@example.net,9121558591,N6347182
371,Heather Page,Female,imartin@example.org,9212447665,N2244876
372,Renee Hudson,Female,candice25@example.net,9282649071,N7299138
373,Kenneth Farley,Male,taylorkaren@example.com,9885963005,N2258331
374,Wendy Camacho,Male,jacquelineanderson@example.org,9462871672,N9098979
375,Sandra Juarez,Male,kburns@example.net,9563129902,N3768193
376,Jason Hayes,Female,powellkara@example.net,9268688902,N1898516
377,Jackie Clements,Male,brandi17@example.net,9455510103,N4448564
378,Heather Brown,Male,brobinson@example.org,9539460908,N5450404
379,Frank Campbell MD,Female,ashleewashington@example.com,9419331516,N4985398
380,Pamela Williams,Male,ksmith@example.com,9153295652,N7591805
381,William Patterson,Female,nicoleturner@example.com,9264915937,N1914439
382,Isaac Miller,Female,brettgarrett@example.net,9104096941,N8174037
383,Cynthia Rios,Male,smiththomas@example.org,9416270056,N9058573
384,Kelly Wallace,Male,dominguezlisa@example.com,9204138894,N1431773
385,Karen Perez,Male,crosscurtis@example.com,9283429671,N5895783
386,Edwin Reyes,Male,darlenebyrd@example.org,9608492614,N2937918
387,Alejandra Santos,Female,nbell@example.net,9942754807,N7668395
388,Tamara Jensen,Female,fheath@example.org,9625163699,N5446036
389,Bryce Blair,Male,sylvia52@example.org,9789198776,N7501626
390,Bradley Tran,Male,kimberly04@example.org,9498380251,N7399588
391,Katrina Adkins,Female,debbie37@example.com,9300341906,N8478868
392,Jonathan Wheeler,Male,hatfieldsarah@example.org,9382711894,N8377620
393,Ryan Fisher,Female,kathrynbest@example.org,9382824466,N4795715
394,Austin Baker,Female,livingstonstacy@example.com,9705855162,N2034137
395,Lori Mason,Male,zhenderson@example.org,9907706333,N2622400
396,Kimberly Hernandez,Male,collinswilliam@example.org,9817411121,N6767862
397,Brittney Murphy,Female,collinssamuel@example.org,9912239392,N4817030
398,Brandon Hamilton,Male,dsalazar@example.com,9515652006,N9767475
399,Mary Thompson,Female,zimmermanjacqueline@example.org,9675004218,N8966231
400,Gregory Holmes PhD,Male,gary24@example.net,9611382735,N6013906
401,Patricia Johnson,Male,enelson@example.com,9523917958,N1582647
402,Laura Jones,Male,ddixon@example.com,9229151674,N8533636
403,Carol Moore,Male,shannonemily@example.org,9279491823,N4554926
404,Jordan Williams,Male,sanchezthomas@example.com,9235491190,N1715982
405,Cassidy Horne,Female,tranrobin@example.net,9184147554,N8304686
406,Courtney Wright,Male,joseph19@example.com,9983221403,N3480985
407,Michael Williams,Female,lindajarvis@example.com,9443328397,N2124274
408,John Campbell,Male,mark87@example.org,9516718295,N7666510
409,Eddie Mueller,Female,stevenvargas@example.com,9396568375,N9718920
410,Dr. Morgan Payne PhD,Female,adamortiz@example.org,9113275526,N9767135
411,Makayla Steele,Female,tapiaaaron@example.net,9220816186,N7953189
412,Oscar Parker,Male,alyssaallen@example.com,9259128258,N2681144
413,Valerie Thomas,Male,christopher38@example.com,9704177085,N2694338
414,Jacqueline Villegas,Female,carpenterwilliam@example.net,9675132064,N6769167
415,Angela Bradley,Female,ibates@example.org,9383614547,N7426403
416,Samuel Howe,Female,vhaynes@example.com,9714205272,N8936405
417,Dillon Jones,Male,derekcarrillo@example.org,9284898049,N5620682
418,Christopher Owens,Female,wmartinez@example.org,9254460628,N7739741
419,John Phelps,Male,mooregina@example.net,9524979220,N6561547
420,Amanda Huff,Male,eddie35@example.com,9152925780,N8972838
421,Megan Green,Female,anthonysullivan@example.com,9499905152,N1339451
422,Krista Davis,Female,laradonald@example.org,9977661452,N6084418
423,Richard Walker,Female,madisonwatson@example.net,9401019924,N9248001
424,Angela Willis,Male,johnsoncaleb@example.net,9344767409,N3254614
425,Carl Stein,Female,david70@example.org,9898567178,N8434162
426,Jessica Ramsey,Female,rjohnson@example.com,9389287503,N7992286
427,Daniel Lopez,Male,sean20@example.net,9301794412,N8410774
428,Danielle Phillips,Male,eandrade@example.org,9984730446,N7831185
429,James Barnes,Female,crystalpham@example.org,9915499713,N9665455
430,Rachael Howard DDS,Female,kcooper@example.net,9981560713,N1942977
431,Devin Johnson,Male,anthonycochran@example.com,9170455681,N6219779
432,William Moreno,Female,terrigarcia@example.net,9245652883,N9796063
433,Joseph Moody,Male,gallagherstacie@example.net,9286549068,N4234033
434,Rebecca Kelly,Male,gregorywatkins@example.net,9998696871,N1966829
435,Suzanne Johnson,Male,stacey92@example.net,9135509761,N8657937
436,Sara Cochran,Male,lweaver@example.com,9486949792,N4340507
437,Anthony Guzman,Female,foxaaron@example.net,9495514868,N8788293
438,Carlos Love,Female,brian29@example.net,9782266083,N3078241
439,Patricia Mathis,Male,susan56@example.net,9359779054,N7248955
440,Eric Taylor,Female,jessicakim@example.net,9737849448,N8484373
441,Marie Thompson,Male,jeffrey92@example.com,9609578849,N6867997
442,Michael Anderson,Female,rushstacy@example.com,9275571407,N5339593
443,Patricia Bradley,Male,carriemccall@example.net,9406090918,N1460542
444,Keith Zuniga,Female,markmiller@example.com,9153312407,N3733132
445,Mrs. Stacey Davis,Male,sean43@example.org,9337673911,N4776753
446,Hayley Buchanan,Male,williamssamuel@example.com,9388926290,N7870390
447,Stacey Snyder,Male,ybell@example.org,9937844678,N1149283
448,Rachel Lane,Female,franciscojones@example.org,9242071170,N3905824
449,Fernando Lynn,Male,petersonpamela@example.org,9340271240,N5234408
450,Kimberly Villanueva,Female,morgantricia@example.com,9865299271,N5620085
451,Jessica Valdez,Female,gmoore@example.com,9504237434,N6850369
452,Colton Terry,Female,donna43@example.org,9370581558,N4660940
453,Kenneth Larsen,Female,briansmith@example.org,9424425818,N9734854
454,Matthew Greene,Female,collinclark@example.net,9727588309,N2716512
455,Bradley Anthony,Male,kristen77@example.net,9649233665,N7278533
456,Martin Hughes,Female,nicole52@example.com,9420486085,N2813693
457,Jeremiah Baker,Female,anne21@example.org,9168544512,N6641903
458,Rhonda Gutierrez,Female,angelarandall@example.net,9787833374,N6454894
459,Joseph Camacho,Female,parmstrong@example.com,9380404354,N6012883
460,James Nash,Male,shawrachel@example.net,9260985353,N9678746
461,Lisa Martinez,Male,kthompson@example.org,9160961339,N7779646
462,Beth Henderson,Female,oharris@example.org,9830955923,N3347627
463,Deanna Bartlett,Male,millerangela@example.net,9803731001,N9344531
464,Donald Ellis,Female,buchanancindy@example.net,9378556835,N8022366
465,Ashley Hernandez,Female,buckleyanna@example.org,9516907018,N1592554
466,Sharon Beard,Male,pbaker@example.com,9468472812,N4730635
467,Kara Jackson,Female,mthomas@example.net,9821413281,N7014583
468,Amanda Preston,Female,hannah07@example.com,9282521788,N4038955
469,Alicia Roth,Female,larry71@example.org,9204800493,N8898392
470,William Ramos,Male,joseph69@example.net,9895555607,N5339457
471,Jeremy Mcintyre,Male,wfigueroa@example.net,9829835592,N6630978
472,Samantha Robertson,Male,cameronmckinney@example.com,9338642889,N6960666
473,Samuel Suarez,Male,thompsonnancy@example.org,9899089320,N6152035
474,Danielle Bryant,Female,janet45@example.com,9946205663,N6558579
475,Madison Martinez,Female,allentracy@example.com,9379773344,N5933359
476,Seth Matthews,Female,max41@example.com,9226466892,N8894293
477,Anthony Nash,Male,mercedesholland@example.net,9781178315,N2194801
478,Matthew Palmer,Female,wellsdavid@example.org,9308889819,N9396617
479,Alejandra King,Male,jennifer46@example.com,9830893658,N7403346
480,Judy Robinson,Female,erica96@example.net,9543570539,N1907009
481,Jorge Bates,Male,anna99@example.com,9247494816,N4360419
482,Brian Brown,Female,danielle44@example.net,9539366395,N8676774
483,Stephanie Evans,Male,zacharyallen@example.org,9439714150,N4025884
484,Rebekah Greene,Male,erin07@example.com,9623535947,N6580596
485,Jason Price,Male,aguilarwanda@example.org,9436525794,N1973306
486,Micheal Parks,Male,qknox@example.com,9585388459,N5589036
487,Sarah Pittman,Male,kellyruiz@example.net,9917325063,N3828735
488,Robert Hines,Male,staceylam@example.net,9625679392,N2477088
489,Henry Garner,Male,robert55@example.com,9759792599,N8276470
490,Julie Wilson,Female,delacruzbrandy@example.net,9533140455,N8197852
491,Steve Mason,Female,amoreno@example.org,9511582876,N1078335
492,Brittany Gay,Male,robert97@example.org,9673144707,N4345615
493,Mike Maxwell,Female,lcook@example.com,9115115189,N6405839
494,Abigail Hill,Male,barbaramoore@example.org,9119237294,N1069186
495,Jeffrey Jordan,Male,ysanford@example.org,9342950952,N6777230
496,Curtis Watson,Female,mcclainkatherine@example.net,9238438399,N2723158
497,Michael Sims,Female,jeremywiley@example.com,9640453426,N6135759
498,James Chapman,Male,cameronwilliams@example.com,9170101400,N1767026
499,Joseph Warren,Female,ibarron@example.com,9412273967,N8649174
500,Katherine Christensen MD,Female,osmith@example.net,9565644493,N3244614
501,Mrs. Alison Wagner,Female,richardsondebra@example.org,9626325353,N7027229
502,Martin Wise,Male,wheelerbrandon@example.org,9277042316,N7767788
503,Alicia Norris,Male,hwallace@example.net,9345262270,N4763487
504,Michael Harris,Male,turnerdorothy@example.net,9326763783,N1367643
505,Lisa Haynes,Male,grivas@example.net,9232244172,N7150383
506,Autumn Wilson,Male,jimenezchelsea@example.com,9502859804,N5291430
507,Valerie Howard,Male,cphillips@example.net,9737721108,N1804641
508,Daniel Fitzpatrick MD,Male,smithchristopher@example.org,9801762883,N1331211
509,Maureen Hernandez,Male,chancharles@example.net,9840613153,N2942630
510,David Hall,Female,joseph01@example.org,9577078832,N7379599
511,Sarah Ward,Male,ronald11@example.org,9687639985,N5240244
512,Charles Holland,Female,michael79@example.com,9853625262,N3569046
513,Anna Briggs,Male,danielross@example.com,9846456758,N1156104
514,James Jefferson,Female,zbanks@example.org,9551907286,N2694160
515,Michael Brown,Female,dalepruitt@example.com,9768724016,N3301222
516,Meghan White,Female,nmaxwell@example.org,9991906567,N2760168
517,Sheryl Acosta,Male,timothyfreeman@example.com,9403554082,N2912813
518,Arthur Pena,Male,busherica@example.net,9634443249,N4332737
519,Krystal Levine,Male,april91@example.com,9935327024,N5412305
520,Danielle Reed,Male,jhernandez@example.net,9484315640,N7874568
521,Mason Moore,Female,kchristian@example.org,9272199842,N1661118
522,Erica Rivera,Female,brent38@example.net,9323009714,N9064202
523,Robert Miller,Female,csolis@example.org,9351798116,N1045936
524,Jillian Wilson,Male,bmcgee@example.org,9821160591,N2493219
525,Andrew Dunn,Male,connersylvia@example.net,9996823706,N9289690
526,Jordan Clark,Male,xclements@example.org,9196725534,N9584991
527,Sarah Rivera,Male,xmoran@example.net,9876920515,N2699372
528,Brent Hopkins,Female,petersonmaria@example.com,9791851361,N4878226
529,Jacqueline Rodriguez,Female,travisunderwood@example.net,9417851397,N5431282
530,Ashley Carr,Female,davidphelps@example.org,9153773200,N2674515
531,Richard Love,Male,shermanbrandon@example.net,9142353230,N5874908
532,Leah Barton,Female,lellis@example.net,9960707259,N6246354
533,Jonathan Moreno,Female,tranryan@example.net,9893001503,N2944497
534,Mr. Thomas Thompson,Male,jessicaanderson@example.com,9914115345,N1769891
535,Lisa Morris,Male,mbarnes@example.net,9248599901,N3860721
536,Denise Stuart,Female,shawn22@example.com,9483892122,N8343630
537,Stacey Hunt,Female,jennifer83@example.org,9887125715,N2559464
538,Miguel Parks,Female,tinasantos@example.org,9975061242,N6749933
539,Melissa Morris,Male,hodgesanna@example.net,9222226183,N7723930
540,Mary Butler,Female,natalie60@example.net,9590204687,N5560602
541,James Brown,Female,gonzalezkaren@example.org,9840777094,N9023619
542,Miss Brianna Brown,Female,james80@example.com,9796693603,N3798082
543,Ashley Parrish,Male,juliahoffman@example.org,9242283221,N1983923
544,Rebecca Horton,Male,housepaul@example.net,9211361103,N7979786
545,Juan Smith,Female,james73@example.net,9961425250,N8351152
546,Maria Fischer,Male,kimberlybrandt@example.com,9756403241,N7371160
547,William Jones,Female,jillwilson@example.org,9756441105,N1483456
548,Justin Anderson,Male,adam72@example.org,9618702826,N9189341
549,Frank Williams,Male,tracy98@example.com,9541613113,N8393515
550,Michael Fox,Male,abigailhartman@example.org,9168006560,N5389135
551,Joshua Davis,Female,nicolealvarado@example.com,9113271672,N9804983
552,Daniel Goodwin,Male,wbarajas@example.net,9819239897,N6675742
553,Michael Griffin,Male,susanfleming@example.com,9564766900,N5170429
554,Robert Wilson,Female,amber40@example.net,9471245687,N7457158
555,Jaime Lang,Male,stucker@example.net,9987380851,N1915467
556,Jose Vaughan,Male,teresaayala@example.net,9790844104,N3632804
557,Austin Santiago,Female,michellecoleman@example.org,9632398698,N3775016
558,Ronald Johns,Male,elucas@example.net,9906841821,N9248484
559,Allison Love,Female,millerbrian@example.com,9358655621,N6551494
560,Laura Perez,Female,rickey76@example.com,9154063666,N9504862
561,James Wilson,Male,maychristine@example.net,9691090113,N7352484
562,Mercedes Jones,Female,robertsgina@example.net,9977357994,N4942645
563,Preston Kim,Male,bshort@example.com,9592949064,N8452252
564,Daniel Francis,Female,susan24@example.net,9194510603,N9362706
565,Traci Camacho,Female,susan08@example.net,9439368482,N2991570
566,Andrew Armstrong,Female,fmedina@example.com,9900194244,N1298116
567,Patrick Swanson,Male,robertbrewer@example.net,9533190034,N7917892
568,Clinton Jensen,Male,james29@example.org,9698214865,N1002847
569,Tara Gamble,Male,enewman@example.com,9950170825,N6110305
570,Danielle Gonzalez,Male,wlynn@example.org,9802867083,N8653898
571,Cynthia Mitchell,Female,mcculloughlouis@example.com,9490136011,N1910586
572,Matthew Steele,Male,arianadiaz@example.com,9587972689,N6569576
573,Caroline Edwards,Female,jenniferdavidson@example.com,9869505738,N7095071
574,Brandy Quinn,Female,wford@example.com,9222431652,N2634721
575,Mr. Matthew Miller,Male,michele28@example.org,9102358958,N6727022
576,Stephen Jones,Female,mcclainmelissa@example.net,9991081037,N5898671
577,Kevin Sullivan,Female,rebeccaarnold@example.net,9853869899,N2783791
578,Kimberly Valdez,Male,michaelwalker@example.net,9276260482,N9261472
579,Donna Marshall,Male,sanderswayne@example.net,9982442542,N7865417
580,Victor Holden,Male,katherinetaylor@example.org,9373041065,N4287016
581,Travis Hopkins,Male,jillwebb@example.com,9229649816,N7591709
582,Philip Hall,Male,mike03@example.net,9590749409,N4197381
583,Heather Harrison,Female,ckeith@example.net,9215712585,N7953658
584,Michael Boyd,Male,mary49@example.net,9779936769,N3067274
585,Jamie Gray,Female,blacknicholas@example.org,9591116494,N9459031
586,Heather Parrish,Male,msparks@example.org,9635613177,N1072773
587,Brenda Martin,Male,robertsonjuan@example.org,9694022242,N8261353
588,Jack Love,Female,guerrerorobert@example.com,9645818292,N3972963
589,Karen Mendoza,Male,brittanyholland@example.com,9884362665,N3153888
590,Andrew Berry,Male,dennishunt@example.net,9515973568,N6399642
591,Christopher Nielsen,Female,kgreene@example.net,9549537843,N5164755
592,Nathan Stanley,Female,stacey37@example.net,9527209652,N6752216
593,Sharon Jackson DVM,Female,laurahoover@example.org,9586239368,N3237608
594,Kayla Jackson,Male,sandra99@example.org,9543182078,N9594877
595,James Rodriguez,Female,alexandrablankenship@example.net,9853223780,N6266549
596,Chase Davis,Male,mvalenzuela@example.org,9315703009,N4518395
597,Kim Goodwin,Female,olsondavid@example.net,9837243267,N6793064
598,April Pace,Male,xboyd@example.org,9862782374,N3983202
599,Jessica Mays,Female,yclarke@example.com,9862735437,N2936178
600,Natalie Juarez,Female,colemanjonathan@example.org,9703743777,N9059269
601,Angela George,Female,ascott@example.net,9823963430,N9957402
602,Adrienne Mills,Female,brooksjamie@example.com,9553533911,N1214253
603,Brian Simmons,Male,jose86@example.net,9127135757,N7389943
604,Donald Becker,Male,robertbowers@example.com,9156978109,N1949670
605,Justin Webb,Male,becky62@example.net,9386665729,N3700047
606,David Logan,Female,craigromero@example.com,9833784779,N5203716
607,Lisa Cohen,Male,martintamara@example.org,9166607238,N5951637
608,Samantha Ruiz,Male,qdavis@example.org,9909165341,N1542011
609,Lee Ramsey,Female,hmendez@example.com,9974053994,N8593275
610,Linda Bautista,Male,daniellegonzales@example.org,9761541819,N4763253
611,Tara Holmes,Female,arthurgreene@example.net,9355116198,N9571853
612,Lisa Craig,Female,john02@example.org,9844034445,N1788191
613,Penny Gomez MD,Female,aprilmclaughlin@example.org,9516133637,N7988821
614,Krista Barber,Female,michael43@example.net,9692839277,N1902651
615,Jordan Powell,Male,greenrichard@example.org,9898509546,N5216804
616,Kathy Morgan,Male,prattsue@example.net,9766323040,N8433377
617,Laura Benson,Male,xhart@example.org,9780525215,N7169672
618,Tonya Ellis,Male,bmosley@example.com,9933381221,N4246352
619,Austin Schultz,Female,ericahall@example.com,9581911354,N3976712
620,Harry Nichols,Male,john16@example.net,9300764570,N3915798
621,Gloria Spencer,Male,thomasgomez@example.net,9505013519,N1681729
622,Travis Vega,Female,victorgonzalez@example.net,9399694490,N5433204
623,Derek Perez,Male,marykelly@example.org,9272796036,N5278461
624,Blake Sosa,Male,waustin@example.net,9454939091,N8823741
625,Sarah Watson,Male,travis94@example.com,9142885885,N3578714
626,Phillip Dixon,Female,kwalker@example.org,9740895381,N1853212
627,Robert Mendoza,Female,shawphillip@example.net,9626725060,N7007679
628,Joyce Martinez,Male,astewart@example.org,9941847352,N6332789
629,Jamie Garcia,Male,chloe42@example.net,9297427943,N9734324
630,Derrick Mullen,Male,michael76@example.org,9944238354,N9474848
631,Paul Diaz,Male,lramirez@example.net,9546602768,N7768215
632,Kenneth Perez,Male,lelinda@example.net,9475168561,N4711087
633,James Thomas,Male,thomassmith@example.com,9812249975,N6568081
634,Dr. Samuel Holmes DDS,Female,jevans@example.net,9487403718,N5925360
635,Brett Martin,Male,lisawoods@example.net,9908157894,N9900294
636,Patrick Green,Female,ann45@example.org,9702728525,N1147701
637,Gregory Frazier,Male,barbarasantos@example.net,9818267208,N6805039
638,Richard Kelly,Female,champton@example.org,9358071565,N5090740
639,Dustin Welch,Male,mirandadavidson@example.com,9832883943,N6384429
640,Logan Sullivan,Female,millermatthew@example.com,9954920307,N2902100
641,Eddie Adams,Female,cnelson@example.com,9375512010,N5745083
642,Kelly Cole,Male,ivanjohnson@example.net,9654982592,N7290752
643,David Manning,Female,clarkrandy@example.org,9622702576,N1735708
644,Shawn Kelley,Female,wisealexandria@example.org,9799573076,N4229821
645,Luke Miller,Female,pparker@example.net,9651790232,N2381527
646,Mark Anderson,Male,anthonyalvarado@example.com,9279738803,N9945709
647,Julie Pitts,Male,amy28@example.org,9773164268,N2098434
648,Joyce Curry,Male,omills@example.net,9819766863,N4576485
649,Gregory Fernandez,Female,ramosmichael@example.com,9997288545,N2743602
650,Adam Mills,Male,mauriceharrison@example.org,9677409188,N8302077
651,Katherine Campos,Male,albert64@example.net,9901967913,N3579573
652,Adam Brooks,Male,bkhan@example.com,9593089342,N6565260
653,Miguel Brewer,Male,fwalker@example.com,9193974854,N2228898
654,Kellie Marsh,Male,justin84@example.com,9291117627,N5226314
655,Barry Taylor,Male,walshchristine@example.com,9717361056,N4819259
656,Katherine Flores,Female,brandonnichols@example.org,9537692362,N7510106
657,Diane Martinez,Female,oacosta@example.org,9776690635,N7785511
658,Johnny Peterson,Female,kristi75@example.com,9439736473,N1283383
659,Amanda Miller,Female,brianrowe@example.org,9822949013,N2984841
660,Catherine Huang,Male,lisa01@example.net,9788722430,N2060950
661,Ray Ramos,Male,gonzalezjill@example.org,9852566344,N2217848
662,Vickie Kennedy,Female,sharon20@example.net,9639917068,N2780658
663,Kelly King,Female,james03@example.org,9944918740,N6055825
664,Jeffrey Smith,Male,brenda63@example.org,9402277050,N8342987
665,Lauren Vazquez,Female,nathandavis@example.org,9524249629,N1517059
666,Mr. George Booker DDS,Female,browndeanna@example.net,9267851051,N9950103
667,Ashley Freeman,Male,tina57@example.net,9246438473,N7559766
668,Michael Howard,Female,johnwilliams@example.net,9780801356,N3417186
669,Edward Terry,Female,ashleystephens@example.com,9827233573,N7260091
670,Denise Guerra,Male,caseymoore@example.com,9694342064,N3371859
671,Kimberly Gibson,Male,bgross@example.net,9144853569,N1084386
672,Patty Allen,Female,barrettamber@example.com,9676762622,N2428191
673,Michael Cannon,Female,chloemorris@example.net,9325542573,N6768873
674,Brent Hopkins,Male,conleydavid@example.org,9543084388,N9599207
675,John Garcia,Male,hbarrett@example.net,9272823429,N4086885
676,Dawn Diaz,Male,smithsamantha@example.net,9762375136,N5240303
677,Steve Miller PhD,Male,wardjulia@example.com,9223075021,N4042682
678,Rebecca Brown,Male,allison14@example.org,9906425007,N8738745
679,Toni Davis,Male,amandalopez@example.net,9412085927,N2130159
680,Laura Meza,Female,xreese@example.net,9205444031,N4312117
681,Megan Park,Female,kandrade@example.org,9455248480,N6991787
682,Kathy Sandoval,Male,umahoney@example.net,9820798124,N4934808
683,Erika Watson PhD,Male,umckenzie@example.net,9406163675,N2171198
684,Joshua Brooks,Male,michael77@example.com,9441220048,N9151398
685,Andrew Mitchell,Female,holmesvictoria@example.com,9452558912,N6128383
686,William Lewis,Male,andrew48@example.net,9707256840,N7115185
687,Tammy Moore,Female,stevenseric@example.com,9559891563,N3829301
688,Kevin Hall,Male,christopher69@example.org,9436311814,N5130133
689,Misty Mcguire,Male,tracynolan@example.net,9864717990,N8316947
690,Susan Larson,Female,benjamin96@example.org,9485995156,N3253277
691,Tammy Cook,Female,hbutler@example.org,9615346649,N8765307
692,Sarah Mcfarland,Female,hbrown@example.org,9485195859,N6124966
693,Karl Murphy,Female,ericnunez@example.com,9692353117,N2825908
694,Nicole Johnston,Male,walkerkeith@example.com,9793155758,N2375290
695,George Alvarez,Female,kelleyjose@example.com,9987387141,N3348838
696,Patricia Anderson,Male,timothygonzalez@example.com,9382646055,N2282825
697,Christina Gilbert,Male,johnadams@example.com,9120004122,N9509040
698,Thomas Davis,Male,whenderson@example.org,9972568129,N7797028
699,Kirk Johnson,Male,gary59@example.com,9139359410,N5372416
700,Jessica Glass,Female,jamesbrooks@example.net,9802128517,N3493647
701,Ashley Brown,Female,mistywilkins@example.org,9521441892,N4746463
702,Robert Torres,Female,njohnson@example.net,9243753906,N8796391
703,Christina Mills,Male,ana92@example.net,9526044822,N7104651
704,Alicia Aguilar,Male,scottbrian@example.org,9811545609,N5007754
705,Lisa Brown,Male,jonesdonna@example.net,9913043828,N9625782
706,Mary Lin,Male,carternicole@example.com,9579125557,N3671308
707,James Bray,Male,mckeetodd@example.net,9708121468,N3452813
708,Charlotte Mason,Female,tcastro@example.org,9485253781,N1678132
709,Thomas Torres,Male,klong@example.org,9917624738,N9181277
710,Harold Garrett,Male,wendyirwin@example.com,9167496657,N5435176
711,Lori Johns,Female,raymondstacy@example.org,9351275639,N1718206
712,Steven Sandoval,Male,blairabigail@example.net,9656075031,N7060792
713,Lori Perez,Female,ashleysimmons@example.com,9604308858,N8627651
714,Erin Daniels,Male,denisecarpenter@example.net,9142847338,N6437011
715,Shari Parker,Male,russellstout@example.org,9855631043,N9747185
716,Krystal Moore,Female,grantstacy@example.org,9996437267,N5417710
717,Ryan Thomas,Male,cannonnicole@example.com,9504435133,N7350486
718,Elizabeth Reese,Female,edwin31@example.org,9731015334,N2305896
719,Phillip Salazar,Female,catherine93@example.net,9504079950,N4739628
720,Michael Howard,Female,manderson@example.com,9478921345,N6788681
721,Jacqueline Christian,Female,kwells@example.org,9951109462,N9088465
722,Jason Novak,Male,stephanie33@example.org,9638843355,N3331501
723,Timothy Duke,Female,dwatts@example.org,9277817899,N4858604
724,Ricardo Franklin,Male,zcortez@example.net,9652484481,N5711201
725,Laura Herrera,Male,meyershannon@example.org,9261319410,N4135756
726,Danielle Medina,Male,grantzachary@example.net,9488933925,N2985251
727,Cheryl Gonzales,Male,kim47@example.org,9545188049,N6540252
728,Louis Brown,Male,stevenlucas@example.org,9617024564,N9033176
729,Ashley Osborne,Female,phillipmorris@example.org,9326241647,N3705263
730,Kevin Marquez,Female,nicoledavis@example.com,9124101254,N5088109
731,Susan Hogan,Male,davisjasmin@example.net,9237315592,N3703298
732,Joseph Cruz,Male,nicholasjames@example.org,9775963880,N9600719
733,Krystal Keller,Male,fernandothomas@example.net,9714469480,N3463987
734,Eric Cross,Male,lroberts@example.org,9278607682,N5332877
735,Toni Smith,Male,alexander77@example.net,9654738715,N7802428
736,Lisa Snyder,Male,briannaalvarez@example.com,9872608028,N5755579
737,Kyle Smith,Male,christine83@example.org,9332565413,N8536381
738,Anthony Bailey,Female,melissaestrada@example.net,9617187507,N3861635
739,Thomas Williams,Male,kchaney@example.net,9991596102,N7891524
740,Matthew Graves,Male,tammycurry@example.com,9953212504,N4051509
741,Anna Evans,Female,priscilla16@example.net,9280089806,N6749069
742,John Martinez,Female,mark68@example.org,9740522822,N2154992
743,Lisa Rodriguez,Male,webbhaley@example.net,9506101350,N7466977
744,Lee Stewart,Male,sara99@example.com,9216576275,N1277874
745,Lynn Vasquez,Male,nicolehall@example.com,9661257031,N9461748
746,April Johnson,Female,mclaughlinjared@example.net,9987462850,N3509220
747,Mrs. Felicia Castro DDS,Male,davidsonhannah@example.com,9290505619,N8983760
748,Elizabeth Hunter,Male,katie15@example.com,9941672107,N9915915
749,Keith Choi,Male,jamesbass@example.net,9200061963,N9090660
750,John Johnson,Male,timothyburton@example.net,9747975975,N1020136
751,Julia Olsen,Female,conleykevin@example.net,9660540722,N8057906
752,Kristen Smith,Female,lauren51@example.org,9146641502,N9888846
753,Andre Terrell,Female,ashleyprice@example.net,9346408985,N9088689
754,Richard Parker,Female,jennifer46@example.org,9476365632,N2639417
755,David Hayes DVM,Female,aliciathompson@example.com,9243755891,N5270103
756,Paula Gentry,Female,zhunter@example.com,9922334721,N4900918
757,Brittany Peterson,Male,hoconnor@example.com,9404155269,N7855954
758,Briana Wiggins,Female,jamiejohnson@example.com,9302959775,N1091762
759,Kelly Smith,Male,mcdanielbrooke@example.org,9720608968,N9766777
760,Stephen Garcia,Male,andrew43@example.com,9658090039,N1120696
761,Dustin Patel,Female,rlambert@example.org,9802813548,N4446353
762,Brian Mullen,Female,clarkmichael@example.com,9538994061,N7077878
763,Tony Brock,Male,georgecollins@example.com,9266192234,N8148295
764,Amber Johnson,Female,rodriguezbrian@example.com,9380571840,N9994347
765,Michael Vance,Female,tjensen@example.com,9706310053,N7134489
766,Michelle Lambert,Female,beltrankatelyn@example.com,9830794809,N7668174
767,Anna Lang,Male,tdavis@example.net,9543700355,N9094465
768,Pamela Ruiz,Male,douglashuang@example.com,9497513146,N9116148
769,Jenna Lyons,Female,kristina57@example.com,9429266242,N6777340
770,John Bell,Female,ssingleton@example.com,9890040374,N3316405
771,Bethany Garcia,Male,nguyendebra@example.com,9902959376,N4854922
772,Jennifer Gutierrez,Female,amydickson@example.com,9940857164,N3714471
773,Daniel Benson,Male,bmueller@example.net,9330272673,N9528589
774,Kimberly Young,Female,stevensonjennifer@example.com,9944048177,N6678044
775,Kyle Nguyen,Male,shortgregory@example.com,9272591127,N7528076
776,Brian Cervantes,Male,pmurphy@example.net,9963685029,N2528212
777,Daniel Taylor,Male,shermandonna@example.com,9606450366,N8304421
778,Jean Lane,Male,jamierich@example.com,9168805869,N5413951
779,Susan Torres,Male,wrobbins@example.org,9498181191,N2342843
780,Lisa Dixon,Male,melissabrown@example.net,9877920274,N7447920
781,April Castro,Female,daniel40@example.org,9759240529,N9741022
782,Kevin Garrett,Female,bsullivan@example.net,9864080940,N1964069
783,Christopher Taylor,Male,xbridges@example.com,9787507560,N9294125
784,Zachary Santiago,Female,alexanderwong@example.org,9111500207,N4384085
785,Katelyn Kim,Female,christophermay@example.com,9309107461,N1563871
786,Stephanie Dominguez,Male,dhanson@example.net,9760555221,N3843451
787,Robert Cruz,Male,jacobjacobs@example.net,9486267885,N5014060
788,Dr. Michael Adams DVM,Male,arthur09@example.com,9269055029,N2456980
789,Ashley Olson,Female,thomasjessica@example.com,9937167377,N7701385
790,Blake Wu,Female,sanchezcrystal@example.net,9819044151,N7629401
791,Angela Schultz,Female,chloe58@example.org,9729298787,N4360650
792,Jose Harrison,Male,robert44@example.org,9891267770,N2151205
793,Thomas Curry,Male,bryan79@example.org,9690120616,N5773013
794,Mary Carter,Female,mitchellchristopher@example.net,9473098534,N5639031
795,Richard King,Male,joshua40@example.net,9751077748,N4263591
796,Christopher Vargas,Female,donnawood@example.org,9533744956,N1078038
797,Michael Washington,Female,cooperchristopher@example.org,9287942172,N7830585
798,Samantha Monroe,Male,ptownsend@example.net,9699825163,N2214435
799,Mark Clark,Female,brian41@example.org,9465035599,N2963085
800,James Turner,Female,noahthornton@example.com,9677569362,N5196677
801,Joseph Graham,Female,sara76@example.net,9504886868,N9113963
802,Joseph Blanchard,Male,hardindana@example.com,9913330750,N6698561
803,Marissa Nelson,Female,joseph14@example.net,9831856709,N8729606
804,Julia Leonard,Male,jessicachapman@example.org,9617511527,N2950658
805,Megan Kaiser,Female,amy01@example.org,9172535838,N7420191
806,Joseph Jennings,Male,jeffrey44@example.org,9826829775,N4857587
807,Manuel Brown,Female,stephanielittle@example.net,9542839009,N6923972
808,Angelica Jacobs,Male,pdouglas@example.net,9852498189,N5418274
809,Cathy Rodriguez,Male,jonowens@example.org,9408474841,N2560439
810,Tammy Hill,Female,qschwartz@example.com,9823377624,N6737688
811,Richard Ramirez,Male,reyesmarvin@example.org,9695445137,N3994493
812,Robert Thompson,Female,vasquezsarah@example.net,9437018334,N6931382
813,Matthew Rodriguez,Male,probinson@example.org,9716019237,N5514342
814,Michelle Garcia,Male,jonesjessica@example.com,9901179178,N4190481
815,Jonathan Delgado,Female,fitzpatrickelizabeth@example.com,9891468251,N4349848
816,Gary Myers,Male,robertsonshelby@example.com,9889660946,N5061034
817,Jared Luna,Female,fernandezaaron@example.net,9322026871,N4845464
818,Karen Bradley,Male,mathew46@example.org,9996510519,N5189194
819,Tina Davis,Female,christopher74@example.net,9267498965,N2789949
820,Julian Ponce,Male,kentprice@example.org,9184275390,N9265544
821,Heather Miller,Male,imoss@example.org,9920600973,N1709057
822,Nathan Watkins,Female,yprice@example.net,9498569245,N6291817
823,Kathryn Hanna,Female,blevy@example.org,9716885481,N5609255
824,George Le,Female,zwilson@example.net,9296357164,N9575399
825,Judy Gregory,Female,joycehall@example.org,9527219856,N4726098
826,Charles Valdez,Male,nmeadows@example.org,9158141154,N9820377
827,Matthew Smith,Female,conwaylori@example.org,9613592269,N1546310
828,Christopher Garza,Female,wilsonbrooke@example.net,9522750321,N3932663
829,Robert Simmons,Female,rnguyen@example.net,9229244346,N9694039
830,Erica Oconnell,Female,kathrynwatkins@example.com,9438927967,N1141240
831,Donald Todd,Male,heathertran@example.com,9823812653,N4535838
832,Kevin Anderson,Female,bstrickland@example.com,9723852830,N2690268
833,Adam Howe,Female,robert72@example.org,9488267537,N5357055
834,Devin Cole,Male,sharonbishop@example.org,9689015467,N5409875
835,Michelle Salazar,Male,burtonkimberly@example.com,9389274886,N8907862
836,Justin Lee,Female,montgomerymichelle@example.net,9492908067,N4085559
837,Julie Sims,Female,joshualee@example.org,9555205201,N4532148
838,Tracy Wells,Female,ernestlivingston@example.org,9852384450,N7246319
839,Dominique Hamilton,Female,christina70@example.org,9530133026,N5691405
840,Tammy Thompson,Female,washingtondarren@example.org,9293154584,N3200150
841,Leslie Nguyen,Male,julievillanueva@example.org,9974230575,N2675536
842,Erika Garcia,Female,ykane@example.org,9963382466,N4956154
843,Kevin Brown,Female,nthomas@example.com,9508970423,N4289394
844,James Ellis,Male,crystalcantrell@example.org,9959033676,N3509000
845,Andrew Carroll,Female,derek77@example.com,9965079822,N1163448
846,Greg Tanner,Male,kristinelittle@example.net,9552604373,N9381860
847,Laura Tran,Male,christophervincent@example.com,9777157408,N9673937
848,Cindy Wells,Female,uramirez@example.com,9943244821,N9164132
849,Danielle Murphy,Female,patriciavargas@example.org,9369481312,N1800429
850,Stephanie Butler,Female,williamsthomas@example.net,9206273380,N3740422
851,Joseph Mendoza,Male,chavezjohn@example.net,9331356272,N5266272
852,Melissa Russell,Female,davidphillips@example.net,9776309403,N2615677
853,Mrs. Maureen Martin DDS,Female,braysteven@example.org,9899500884,N6614605
854,Jennifer Clarke,Female,courtney01@example.com,9487580021,N7044941
855,Faith Johnson,Female,smullins@example.net,9469517811,N1332781
856,Rebecca French,Female,olivermatthew@example.org,9230177767,N6890320
857,Susan Cox,Male,rodriguezmichael@example.net,9719392003,N3928275
858,Jacob Wong,Female,castrokim@example.org,9481295430,N6454109
859,Mrs. Ashley Mendoza,Female,karenhodges@example.com,9931875429,N8498243
860,Derek Frazier,Male,brian55@example.com,9509171868,N5807067
861,Mr. Bryan Mckinney,Female,shannon51@example.org,9778295798,N3430151
862,Judith Miller,Male,keithfrye@example.org,9787818236,N6660436
863,Brian Hernandez,Female,nancymeyer@example.net,9777824658,N7790959
864,Jason Fleming,Male,thomasfisher@example.net,9184945787,N3717900
865,Dorothy Brown,Female,marystone@example.com,9345047145,N6259356
866,Grant Lucas,Female,todd88@example.com,9801167479,N5888148
867,Keith Villanueva,Female,george43@example.com,9750027161,N7634639
868,Dwayne Bruce,Female,michaelbryant@example.org,9577706000,N7092894
869,Caitlyn Nichols,Female,teresafranco@example.net,9544517369,N3807132
870,Rebecca Martin,Male,williamsleslie@example.org,9124804609,N3097821
871,Jacob Harris,Male,wadetiffany@example.org,9810841299,N5221936
872,Joshua Martin,Male,david06@example.com,9326099417,N3800292
873,Theresa Reilly,Female,adamrodgers@example.net,9210605413,N2603125
874,Michael Wells,Male,tara92@example.net,9608079376,N1903041
875,Tammy Morgan,Male,dennisrachel@example.org,9927783767,N7660764
876,Audrey Johnson,Male,seandavis@example.org,9211592272,N5403218
877,Christie Fox,Male,james18@example.com,9190528528,N7540534
878,Tina Daugherty,Female,ulee@example.net,9346269087,N5150624
879,Terri Kerr,Female,raymond65@example.com,9575839885,N3120836
880,Dustin Bell,Male,fsawyer@example.org,9665585273,N3862327
881,Jill Riddle,Male,achandler@example.org,9137747372,N6986802
882,Linda Thomas,Female,thomas85@example.org,9611267257,N8838205
883,Leslie Bennett,Female,ortizrobin@example.com,9688996003,N8463259
884,Joel Bradley,Male,jamescollier@example.com,9849066860,N3970181
885,Amanda Mckenzie,Female,troy73@example.org,9777582116,N8297709
886,Brittany Evans,Female,qmartinez@example.com,9472769123,N9080774
887,John Watts,Male,anthonyhubbard@example.com,9964048388,N2502467
888,Andrea Reese DDS,Female,ooneill@example.net,9430570947,N7136825
889,Michael Wilson,Female,brucefrancisco@example.org,9378965689,N3612506
890,Joel Steele,Female,frank45@example.com,9111334226,N1001549
891,Tina Williams,Male,alyssa18@example.org,9469243620,N5811072
892,Catherine Davis,Female,amybrennan@example.net,9674558056,N1139537
893,Denise Wolfe,Female,cody95@example.org,9911182636,N9003857
894,Joseph Watson,Female,kjenkins@example.org,9109806050,N8221506
895,Jonathan Decker,Female,butlersabrina@example.org,9741027901,N4879150
896,Tammy Mendoza,Male,hannah27@example.net,9688638365,N7268704
897,Tracy Jackson,Male,anthony13@example.org,9542098017,N8333427
898,Brenda Perez,Female,jasonzavala@example.com,9368323917,N3739207
899,Rachel Jones,Female,ctodd@example.org,9989516564,N7347794
900,Ricky Palmer,Male,harrisonrebekah@example.org,9382372922,N2328918
901,Michael Webster,Female,morajamie@example.org,9771435478,N5019180
902,Gregory Davis,Female,stacy55@example.org,9405669440,N9924543
903,Phyllis Austin,Female,garciabelinda@example.org,9543352165,N4154127
904,Michelle Brandt,Male,rachelmedina@example.net,9295858216,N3292170
905,Daniel Gordon,Female,lrichardson@example.org,9218494225,N8639388
906,Tyler White,Female,tina63@example.net,9392201792,N9254323
907,Brian Rollins,Male,owensapril@example.com,9444288576,N1325400
908,Michele Hawkins,Male,millertristan@example.com,9153292024,N9975319
909,Kyle Collins,Male,aperez@example.com,9299648970,N2715864
910,Mrs. Shannon Jacobson,Female,xcrosby@example.org,9389046078,N3097809
911,Michael Powers,Female,qkim@example.net,9880725278,N1137641
912,Charles Morales,Male,figueroapatricia@example.org,9196848277,N3528052
913,William Morgan,Male,bmartinez@example.net,9629977010,N4643811
914,Dr. Ralph Wheeler DDS,Female,qkelly@example.net,9551232519,N6227389
915,Victoria Dixon,Female,katrinarodriguez@example.com,9498784578,N8779334
916,David Dunlap Jr.,Male,greertyrone@example.org,9454601784,N2345920
917,Janet Shelton,Male,kevinhanson@example.org,9160170716,N5471188
918,Kelly Vasquez,Female,qharris@example.com,9176648733,N8887754
919,Dennis Cooper PhD,Male,cisnerosanthony@example.com,9306364903,N5195637
920,Barbara Cole,Female,cramos@example.org,9989328868,N1211652
921,Matthew Chan,Male,travistaylor@example.net,9924790131,N5176895
922,Phillip Carroll,Female,rkeller@example.net,9928096889,N8431651
923,Karen Dickerson,Male,myerstroy@example.com,9892012381,N1562209
924,Heather Levine,Male,bryan90@example.org,9594817420,N2576392
925,Hannah Harmon,Male,hubbardcolleen@example.com,9607692567,N7528399
926,Gregory Howard,Female,brian33@example.org,9446886458,N3661058
927,Leslie Lozano,Male,meltondanny@example.org,9899641923,N9739692
928,Gabriel Murray,Male,abradley@example.com,9371992483,N9073692
929,John Johnson,Female,nicholas65@example.net,9313377873,N7046955
930,John Vazquez,Male,matthewshaw@example.net,9815858075,N4653880
931,Lucas Cox,Male,karlwilliams@example.net,9353366389,N8284023
932,Darrell Newton,Female,robbinsbelinda@example.net,9116178827,N3807840
933,Austin Solis,Female,wsimmons@example.org,9727813474,N3007387
934,Elizabeth Brock,Female,ualvarado@example.org,9947336680,N5078362
935,David Robertson,Male,nicoleburton@example.net,9145090037,N8973718
936,Laura Lewis,Male,oadams@example.net,9498786278,N2501223
937,Sarah Meadows,Male,boydmichael@example.org,9269327426,N9387252
938,Paul Cannon,Male,ejenkins@example.net,9836527450,N6677780
939,Jason Colon,Male,jonathanburke@example.com,9164183056,N6964596
940,Chris Johnson,Male,steven86@example.com,9853045356,N9998515
941,Amanda Moore,Male,anthonyclarke@example.com,9235106204,N9184645
942,Casey Phelps,Male,dcasey@example.org,9440096507,N6827024
943,Edward Brown,Female,qmosley@example.net,9887255513,N4237420
944,Jennifer Larsen,Male,joelduncan@example.net,9840076530,N7337911
945,Kelly Calderon,Female,tyler13@example.net,9877817678,N3260430
946,Robert Murphy,Female,vshaffer@example.org,9142400500,N9142018
947,Claudia Rodriguez,Female,taragonzales@example.com,9700248296,N5944490
948,Amy Ferguson,Female,stewartrodney@example.net,9303770248,N4131076
949,Donald Mueller,Female,michaelbaldwin@example.com,9447549695,N8858359
950,Walter Obrien,Female,vazquezkristina@example.org,9992654825,N3690116
951,James Fowler,Male,rebecca18@example.org,9670304472,N3600895
952,Jasmine Browning,Female,qpennington@example.com,9417476097,N5418267
953,Rodney Young,Female,michelemartin@example.com,9587563596,N1012076
954,Sherry Wang,Female,rmccormick@example.org,9887759003,N4112748
955,Teresa Ruiz,Male,vhouse@example.net,9765434962,N7108168
956,Thomas Garcia,Male,hollyhunter@example.com,9444342661,N2062698
957,Nicholas Kelley,Female,shawn00@example.net,9303870775,N9792431
958,Lorraine Gibbs,Female,aarongonzalez@example.com,9922200725,N3585897
959,Bradley Moore,Female,melaniejennings@example.com,9446389157,N7875379
960,Shane Anderson,Female,graceserrano@example.com,9218609961,N2614912
961,Jason White,Male,kduffy@example.org,9147005473,N3177250
962,Alexander Hansen,Male,rebeccamccann@example.org,9133579936,N4390323
963,Samuel Williams,Male,jburke@example.org,9621162378,N4214793
964,Carolyn Bradley,Male,higginsryan@example.com,9134163406,N7519606
965,Kathleen Walker,Female,jamesatkins@example.com,9664596387,N5293936
966,Johnny Anderson,Male,carolcarney@example.com,9493369637,N4703113
967,Chelsey White,Male,anthonycherry@example.org,9114051099,N4502044
968,Susan Wood,Female,emiller@example.org,9993436624,N2341452
969,Valerie Sanders,Female,jennifererickson@example.net,9960088617,N2018380
970,Angel Hawkins,Female,cookjimmy@example.com,9699169292,N7978536
971,Teresa Coffey DDS,Female,smithwilliam@example.com,9952818991,N1978112
972,James Wood,Female,carpenterjorge@example.net,9668031793,N1682046
973,Gerald Mcdonald Jr.,Male,hthomas@example.com,9995990847,N6098672
974,Carl Savage,Male,julie64@example.com,9331820924,N9715516
975,Pam Baker,Male,ryan25@example.net,9208689641,N4875838
976,Pamela Hernandez DVM,Female,jbrown@example.org,9303431575,N4240006
977,Andrew Green,Male,fgraham@example.org,9712062546,N4001408
978,William Hoffman,Female,uvasquez@example.org,9901127771,N2770234
979,Brandon Oneill,Female,marybrady@example.com,9824230874,N8696054
980,Mary Lewis,Female,foxashley@example.com,9211779101,N3798595
981,Danielle Jimenez,Male,clayanthony@example.net,9690520920,N7737011
982,Mrs. Jacqueline Hickman,Female,hooderic@example.org,9806019487,N3653760
983,Michael Castillo,Female,brooke05@example.org,9478305093,N6287423
984,Tiffany Nguyen,Female,jasonwilliams@example.net,9499130788,N7917972
985,Robert Manning,Female,tammyglenn@example.org,9987077148,N6426605
986,Daniel Price,Male,wmitchell@example.net,9704672023,N4589118
987,Edwin Owen,Female,rebecca92@example.com,9922172936,N5262908
988,Sandra Hunt,Female,ygriffin@example.com,9585764529,N8507800
989,Kyle Davis,Female,nshepherd@example.org,9100210054,N1581546
990,Jeffery Williams,Female,teresa32@example.com,9739695468,N1273509
991,Maria Miller,Male,zkim@example.com,9424100009,N1110206
992,William Sutton,Female,mckenzie86@example.com,9338249032,N4604128
993,Kristen Lowery,Female,dixonrobert@example.com,9123301671,N5629792
994,Laura King,Male,brenda80@example.org,9201240032,N1633110
995,Julie Hartman,Female,awilliams@example.net,9481882460,N3619042
996,Kevin Gibson,Male,qhanson@example.com,9384528891,N7158628
997,Shelby Lopez,Male,christianhendrix@example.com,9350175561,N5299058
998,Ashley Ferguson,Female,fosteralexander@example.net,9198682372,N7707501
999,Michael Melton,Male,nturner@example.com,9888412068,N2295227
1000,Tracey Leonard,Female,christopher20@example.org,9951374399,N9095563
1001,Alan Waller,Male,clarkdeborah@example.net,9624282788,N2599943
1002,Ryan Garrison,Female,christophercarrillo@example.org,9140127441,N7401281
1003,Alex Martin,Male,joannewallace@example.com,9937649523,N1938227
1004,Scott Richards,Female,kennethgallegos@example.com,9473587211,N8286418
1005,Adam Mccoy,Female,fpetty@example.net,9229429404,N4803691
1006,Monique Duarte,Male,freemantodd@example.net,9780631093,N7417066
1007,Taylor Stein,Male,dhall@example.net,9427258676,N9797692
1008,Kenneth Tran,Male,patricia67@example.org,9442863523,N3509536
1009,Todd Reed DDS,Female,martinjessica@example.com,9639449617,N4704361
1010,David Robinson,Male,sandra72@example.com,9154245232,N7591477
1011,Jeanette Butler,Female,laura29@example.org,9908356009,N9467953
1012,Paul Estrada,Male,glenmoore@example.com,9338462628,N8246678
1013,Jason Chaney,Female,jimmy80@example.org,9944356532,N7615632
1014,Dean Rhodes,Male,mariakline@example.org,9241936908,N6639966
1015,Gail Wilson,Male,davidwalker@example.com,9610945043,N1827302
1016,Rachel Hammond PhD,Female,paula89@example.net,9381919481,N2427388
1017,Anthony Shah,Female,westes@example.org,9638828465,N8289551
1018,Rachael Lynch,Male,colonbobby@example.org,9918226618,N3262755
1019,Bruce Harris,Female,eric47@example.net,9700539700,N4323709
1020,Dr. Christian Cox PhD,Female,allisonscott@example.com,9524470332,N4290000
1021,Adriana Davenport,Male,gpeterson@example.org,9360183853,N2201986
1022,Jaime Fischer,Female,crystal32@example.net,9934052476,N8215305
1023,Darren Pham,Female,dhardin@example.net,9835231799,N2503148
1024,Heidi Johnson,Male,kaylarobbins@example.net,9821283444,N7938755
1025,Angela Edwards,Female,ryanlong@example.org,9492203150,N6843636
1026,Margaret Orr,Male,levinetina@example.net,9444390192,N6780168
1027,Valerie Barnes,Male,jennifer55@example.org,9926438998,N6114011
1028,Stephanie Bishop,Male,isabellagriffin@example.org,9475505122,N8419054
1029,Lori Montgomery,Male,zterry@example.net,9572944000,N1752920
1030,Craig Turner,Male,medinapeter@example.net,9314410364,N7271672
1031,Beth Braun,Male,jason88@example.com,9913610452,N2439727
1032,Nicole Moore,Male,zamoraamber@example.com,9894119729,N1914996
1033,Raymond Barber,Male,dennismckenzie@example.com,9766796289,N3477610
1034,Heather Williams,Female,westashley@example.org,9114746008,N6759137
1035,William Trujillo,Male,michaelmitchell@example.net,9427618008,N8550780
1036,Brenda Gray,Female,danielblack@example.org,9124425601,N6567967
1037,Heather Garcia,Male,fpoole@example.org,9894582888,N4554677
1038,Stephen Alvarez,Male,rmiller@example.net,9686718533,N9778944
1039,Justin Maxwell,Female,breanna67@example.net,9689269569,N9103837
1040,Katherine Mcpherson,Male,drewmartinez@example.net,9846326954,N1308508
1041,Walter Palmer,Female,bensonstanley@example.org,9725996789,N9838222
1042,Terry Wood,Male,guzmanricky@example.org,9374294163,N3857489
1043,Dylan Mills,Male,watsonvickie@example.com,9404957218,N4367121
1044,Alfred Thomas,Female,twilliams@example.com,9156999852,N8800748
1045,Robert Burns,Male,kelleycarlos@example.org,9171508836,N7520383
1046,Kenneth Knight,Female,kimberly79@example.org,9811871111,N7043474
1047,Kathy Murray,Male,jcontreras@example.net,9120485196,N5907261
1048,Robert Beck,Female,zhughes@example.com,9348215410,N7387106
1049,Tina Wu,Male,debbie20@example.net,9438718269,N9131281
1050,Patricia Parker,Male,schneiderchristopher@example.net,9300164147,N4336572
1051,Nina Bernard,Female,karenshaw@example.org,9702033662,N1360516
1052,Timothy White,Male,hilljamie@example.net,9365635280,N9882115
1053,Lauren Miller,Female,richard07@example.org,9458167668,N9219709
1054,Christopher Johnson,Female,patrick11@example.org,9899283454,N3634111
1055,Dominique White,Male,moorestephanie@example.net,9472352086,N6904121
1056,Lucas Nguyen,Female,reeveskenneth@example.org,9771336642,N6072192
1057,Jason Nguyen,Male,hdavid@example.org,9638214657,N5628469
1058,Paul Willis,Male,gromero@example.com,9771939435,N5323142
1059,Debra Flores,Female,bjones@example.com,9974947794,N1494355
1060,Susan Smith,Female,sanchezangela@example.org,9342217581,N3545240
1061,Jason Miller,Female,kristathomas@example.net,9521815818,N3302852
1062,Dr. Kimberly Henderson,Male,dwilliams@example.net,9883713061,N7412371
1063,William Smith,Male,qnelson@example.net,9548108259,N5032585
1064,Gregory Chen,Male,brandon89@example.org,9557913296,N6240913
1065,James Martinez,Female,jessicalutz@example.com,9582291740,N3210769
1066,Jonathan Pham,Male,cynthia74@example.org,9800587168,N3324928
1067,Erica Clark,Male,allen20@example.net,9248294102,N6184132
1068,Steven Chambers,Male,speters@example.net,9561778017,N3435253
1069,James Miller PhD,Male,ryanpatricia@example.net,9440908961,N2137730
1070,Caleb Stanton,Male,wcarey@example.com,9297713683,N6328403
1071,Randy Terry,Male,martinezmitchell@example.org,9880695706,N1494648
1072,Daniel Smith,Female,erin53@example.org,9544572227,N7899659
1073,Lori Stokes,Female,jimsnyder@example.com,9575672443,N5593537
1074,Johnathan Padilla,Male,adrianjoyce@example.net,9936560721,N4153002
1075,Sergio Carroll,Male,mjackson@example.net,9241246317,N4099531
1076,Megan Morrison,Male,cameronanderson@example.org,9918671750,N5477211
1077,Timothy Foley,Male,james08@example.net,9740337419,N4895376
1078,Justin Gibson,Male,pdavidson@example.org,9838066391,N1437625
1079,Erica Richard,Female,rhill@example.net,9185336088,N8996058
1080,Isaiah Blake,Male,brandonhull@example.net,9639366915,N8864546
1081,Aaron Lee,Female,beardlindsey@example.net,9297543237,N7500504
1082,Michael Rosario,Female,jamesmurphy@example.org,9608789262,N3307080
1083,Anne Castillo,Male,watkinsconnie@example.com,9307511166,N4796232
1084,Danielle Wells,Male,marissa58@example.org,9538719265,N1251897
1085,Patricia Harvey,Female,garrettbeth@example.org,9543502646,N4733840
1086,Sydney Bennett,Male,pattonbryan@example.com,9913656416,N4431982
1087,Leslie Reynolds,Male,byrdanita@example.com,9290136266,N8369982
1088,Jennifer Williamson,Female,mhall@example.net,9838586956,N6450844
1089,Jody Marshall,Female,nhobbs@example.org,9364982130,N8173194
1090,Timothy Logan,Female,lholmes@example.org,9933454210,N1701728
1091,Adam Reeves,Female,rebeccamartinez@example.net,9873309842,N6249548
1092,Jason Hardy,Female,ilopez@example.org,9756598356,N9995261
1093,Eric Graham,Male,larry82@example.org,9659042709,N2834023
1094,Larry Carter,Female,holmesdiane@example.org,9590593090,N1711620
1095,Jonathon Conley,Male,hendersonjames@example.org,9656952733,N7637254
1096,Christina Jones,Male,elizabethneal@example.com,9698826833,N7499457
1097,Erin Lane,Male,christina65@example.org,9303850254,N5885179
1098,Shawn Lozano,Female,arobinson@example.net,9527392079,N6109570
1099,David Hanson,Female,timothytate@example.com,9595367749,N3793181
1100,Jamie Ross,Female,coxcharles@example.org,9416130770,N1915141
1101,Brenda Alexander,Male,bradley03@example.org,9597764108,N8578236
1102,Daniel Green,Male,matthewspencer@example.org,9875936087,N9399643
1103,Christopher Green,Male,smitherica@example.com,9293028062,N3270069
1104,Stacey Morgan,Female,kevinallen@example.com,9544055921,N6426773
1105,Teresa Rowland,Female,ejohns@example.org,9126749178,N4001084
1106,Thomas Norton,Female,amandabenson@example.com,9733846414,N4387856
1107,Vanessa Sanchez,Female,hinesbrenda@example.net,9196829676,N5195684
1108,Charles Wright,Female,monique89@example.com,9842725930,N3751363
1109,Brad Ruiz,Male,jacksonpaul@example.net,9197915848,N2915369
1110,Jacqueline Stone,Female,marcbrooks@example.net,9780830076,N7089179
1111,Dr. John Perkins,Male,clarkpatricia@example.com,9662444547,N7443916
1112,Jennifer Torres,Male,xduncan@example.com,9506603082,N7385526
1113,Brandy Miller,Male,ostone@example.net,9924913247,N3866974
1114,Jose Rogers,Female,amcdonald@example.com,9707191953,N3518087
1115,Emily Reyes,Male,scottbaker@example.org,9255270986,N4000886
1116,Bradley Kirby,Male,hartmansara@example.org,9550522411,N6168426
1117,Isaac Payne,Female,james54@example.com,9884005207,N8486970
1118,Patricia Bruce,Female,janicebolton@example.net,9772648626,N4031576
1119,Susan Smith,Male,juan56@example.com,9241273318,N4403286
1120,Norma Smith,Male,michelleperez@example.net,9768469061,N5246497
1121,Kara Black,Male,dsharp@example.com,9592463803,N9348805
1122,Emily Lopez,Female,cclark@example.net,9683579921,N1096478
1123,Charles Russo,Female,sherry07@example.net,9355419939,N4638539
1124,Gina Barnes,Female,sfarmer@example.net,9587197988,N7881198
1125,Kevin Bradley,Female,weekseric@example.com,9185260383,N1110277
1126,Rebecca Mcintyre,Male,nbaird@example.com,9687703577,N5665960
1127,James Wells,Male,ashley74@example.org,9152526165,N4101100
1128,Michael Thompson,Male,ocampbell@example.com,9159124453,N6855581
1129,Andrea Brown,Male,jacksonmichele@example.com,9256094585,N1544120
1130,William Anderson,Female,emendoza@example.com,9455527819,N2471406
1131,Sharon Anderson,Male,kylemeyers@example.net,9216917219,N7995376
1132,Larry Crosby,Male,waynecohen@example.com,9273232379,N5771113
1133,William Griffin,Male,pjacobs@example.net,9588915267,N7042962
1134,Keith Henry,Male,vjohnston@example.org,9199993584,N6021328
1135,Stanley Bryant,Female,peter26@example.org,9495748400,N7357547
1136,Luke Reynolds,Male,lbartlett@example.net,9914370885,N8169304
1137,Jennifer Bautista,Male,nicolemoore@example.net,9414426733,N8898995
1138,Mary Jones,Male,reginajenkins@example.net,9231021447,N5603979
1139,Jacob Campos,Female,robert24@example.org,9665918566,N7941705
1140,Julia Jones,Male,vjames@example.com,9847141233,N4507293
1141,Jennifer Smith,Male,fletcherderek@example.net,9217362383,N9874251
1142,Kari Jones,Male,jenniferkim@example.com,9619329173,N5818203
1143,Sarah Jackson,Female,lawsongregory@example.org,9753741918,N6309796
1144,Jeanne Jones,Female,byrderic@example.com,9664134530,N6936673
1145,Miguel Stafford,Male,scottwilliams@example.net,9759588843,N9328158
1146,Margaret Moran,Female,myerskyle@example.org,9628822629,N4018342
1147,Amber Bennett,Male,sarahbrooks@example.org,9860839571,N5873580
1148,Alan Johnson,Male,rogersjames@example.net,9101697496,N2983186
1149,Tyler Davis,Male,jenniferwilliams@example.net,9599167150,N2978465
1150,Gabriel Hart,Male,colleenvilla@example.com,9958525681,N7956372
1151,Barbara Lewis,Female,marcus06@example.net,9148846868,N6600104
1152,James Ellis,Female,barrettjoshua@example.net,9701741560,N4562439
1153,Austin Robinson,Male,katrina71@example.net,9787858676,N4375360
1154,Wanda Jefferson,Female,johnathandavis@example.com,9373178728,N2138100
1155,Miss Megan Compton,Female,martinreid@example.net,9422427487,N9500841
1156,Samuel Olson,Female,andres97@example.com,9923594990,N1102865
1157,Natalie Gordon,Male,hallchristina@example.org,9836410568,N6591559
1158,Oscar Todd,Female,brownnicholas@example.com,9525254727,N1488508
1159,James May,Male,sandrageorge@example.com,9308322646,N6545118
1160,Erin Ramirez,Female,meyertiffany@example.net,9822062338,N9038102
1161,Nicole Perez,Female,matthew38@example.org,9956045379,N1596568
1162,Mary Wright,Male,cathyjames@example.com,9617001884,N3606949
1163,Mark Brown,Female,mjones@example.org,9676564508,N6622207
1164,Brenda Harris,Female,thompsonana@example.org,9941801815,N7944979
1165,Blake Hardy,Male,frank33@example.com,9996687959,N9742158
1166,David Mitchell,Female,mfaulkner@example.com,9706602538,N6293259
1167,Karen Tapia,Male,raymond27@example.com,9323620127,N6565326
1168,Leon Hamilton,Female,lorileon@example.org,9171095709,N3504920
1169,Jessica Miller,Female,brooke28@example.net,9133471933,N6690033
1170,James Torres,Female,nicholas97@example.org,9772710898,N9963616
1171,Miguel Gonzalez,Male,adamhensley@example.net,9713086866,N7535837
1172,Katherine Frost,Male,xwaller@example.com,9739082402,N2960327
1173,Martin Chapman MD,Female,riddledavid@example.net,9857273798,N6276424
1174,Phillip Krueger,Male,william75@example.net,9391518128,N7943579
1175,James Coleman,Male,johnjohnson@example.com,9633708134,N4986975
1176,Megan Terry,Female,josegibson@example.net,9585230723,N6077267
1177,David Lane,Male,alexanderwise@example.net,9663822282,N6072059
1178,Janice Mccarthy,Male,stonejacob@example.com,9220507410,N7278297
1179,Jeffery Holt,Male,uwillis@example.com,9935146073,N4390648
1180,Tammy Booth,Male,fieldskimberly@example.com,9576498805,N9489182
1181,Debra Clark,Male,ahale@example.org,9957946858,N9097744
1182,April Jones,Male,pwarren@example.com,9304238238,N6706197
1183,Carolyn Brooks,Female,jameswhite@example.org,9886452604,N9785019
1184,Robert Lopez,Female,bradylisa@example.org,9932722445,N6491819
1185,Steven Ortiz,Male,oneillgabriel@example.com,9926224353,N2648387
1186,Caleb Brown,Male,richardstimothy@example.net,9320317979,N1613249
1187,Alexandra Adams,Female,ortegakristina@example.org,9516169674,N9763492
1188,Joseph Smith,Male,sarah75@example.net,9104412943,N6217400
1189,Jacob Wu,Male,lisa56@example.com,9837716816,N2460891
1190,Vanessa Marks,Female,smithmonica@example.com,9601304182,N1774096
1191,Stacy Taylor,Male,meltonjoshua@example.net,9658966058,N6242557
1192,Danielle Hayes,Male,qrobertson@example.org,9720150147,N6236888
1193,Mark Mcmahon,Male,allen50@example.net,9444542674,N4364763
1194,Jeremy Lawson,Male,ystevenson@example.org,9407699378,N5641409
1195,Todd David,Female,shatfield@example.org,9929773829,N8400692
1196,Elizabeth Lee,Male,mollywalter@example.net,9392760228,N3505186
1197,Bethany Robles,Male,marisa87@example.org,9393815375,N2920326
1198,Tina Olson,Male,johnjackson@example.net,9768882058,N9624506
1199,Ashley Holder,Male,martinsarah@example.com,9321810768,N6877363
1200,Connie Scott,Female,qlynn@example.org,9391039983,N3374929
