payment_id,ticket_id,amount,payment_date,payment_mode,payment_status
1,1,5978.45,2026-07-11,Card,Paid
2,2,20180.75,2026-08-24,Card,Paid
3,3,6035.48,2026-08-03,NetBanking,Paid
4,4,20246.84,2026-08-19,Cash,Paid
5,5,8414.25,2026-08-29,Cash,Paid
6,6,9390.23,2026-08-16,Cash,Paid
7,7,9595.3,2026-07-20,NetBanking,Paid
8,8,19660.64,2026-07-01,NetBanking,Paid
9,9,11697.72,2026-08-11,Card,Refunded
10,10,19758.59,2026-07-02,Card,Paid
11,11,18625.14,2026-07-19,Cash,Paid
12,12,12118.71,2026-07-25,Cash,Paid
13,13,19127.88,2026-08-21,Card,Paid
14,14,12402.32,2026-07-18,UPI,Paid
15,15,6109.4,2026-08-16,NetBanking,Refunded
16,16,15841.16,2026-08-30,UPI,Paid
17,17,11276.42,2026-08-28,NetBanking,Paid
18,18,24705.91,2026-08-07,NetBanking,Paid
19,19,3762.58,2026-07-22,Cash,Paid
20,20,12357.8,2026-07-19,UPI,Paid
21,21,22319.12,2026-07-05,Cash,Refunded
22,22,18980.1,2026-08-22,Card,Pending
23,23,15770.69,2026-08-06,Card,Paid
24,24,12360.88,2026-07-21,Cash,Paid
25,25,20889.47,2026-08-14,UPI,Paid
26,26,19822.88,2026-08-25,Cash,Refunded
27,27,10627.67,2026-08-19,NetBanking,Paid
28,28,7333.29,2026-07-21,NetBanking,Paid
29,29,10649.59,2026-07-13,Cash,Paid
30,30,19322.13,2026-07-02,Card,Paid
31,31,11742.53,2026-07-26,NetBanking,Paid
32,32,21212.68,2026-07-04,Cash,Paid
33,33,12337.16,2026-07-03,Cash,Paid
34,34,13570.21,2026-08-06,Cash,Paid
35,35,19024.76,2026-08-06,UPI,Refunded
36,36,20063.23,2026-08-04,Card,Paid
37,37,21541.74,2026-07-06,NetBanking,Paid
38,38,24841.37,2026-08-18,UPI,Paid
39,39,12196.3,2026-07-18,NetBanking,Paid
40,40,22312.16,2026-08-17,Card,Paid
41,41,4143.08,2026-08-11,Cash,Paid
42,42,20075.04,2026-08-17,NetBanking,Pending
43,43,11532.99,2026-07-19,UPI,Paid
44,44,11273.82,2026-07-01,Card,Paid
45,45,5886.14,2026-08-24,Card,Paid
46,46,19775.02,2026-08-04,NetBanking,Paid
47,47,7007.46,2026-08-22,Cash,Pending
48,48,18585.35,2026-08-06,Card,Paid
49,49,5836.39,2026-07-20,Card,Paid
50,50,14502.0,2026-08-30,UPI,Paid
51,51,14651.72,2026-07-05,Cash,Pending
52,52,23390.47,2026-08-12,Card,Paid
53,53,6174.0,2026-07-18,Card,Refunded
54,54,7387.81,2026-07-23,UPI,Paid
55,55,22724.79,2026-07-29,UPI,Paid
56,56,10940.06,2026-07-29,Card,Paid
57,57,12553.28,2026-07-26,Card,Paid
58,58,11061.36,2026-08-22,UPI,Paid
59,59,6439.68,2026-08-28,UPI,Paid
60,60,7216.85,2026-08-30,NetBanking,Paid
61,61,10563.78,2026-07-21,NetBanking,Paid
62,62,24665.92,2026-08-21,Cash,Paid
63,63,13946.54,2026-08-30,NetBanking,Paid
64,64,11050.66,2026-07-27,NetBanking,Refunded
65,65,4751.49,2026-07-24,Cash,Paid
66,66,12268.35,2026-08-24,Cash,Paid
67,67,18277.31,2026-08-11,NetBanking,Pending
68,68,2856.63,2026-07-18,Cash,Paid
69,69,21566.83,2026-07-12,UPI,Paid
70,70,6004.56,2026-08-14,NetBanking,Paid
71,71,3876.58,2026-08-21,Card,Pending
72,72,17371.42,2026-07-24,NetBanking,Paid
73,73,11932.88,2026-07-12,Card,Paid
74,74,20732.19,2026-07-12,Cash,Pending
75,75,4961.31,2026-07-11,UPI,Paid
76,76,9386.46,2026-08-10,Cash,Refunded
77,77,8466.58,2026-07-21,UPI,Paid
78,78,9960.6,2026-08-26,NetBanking,Paid
79,79,22120.63,2026-08-28,NetBanking,Paid
80,80,10983.33,2026-08-08,Card,Paid
81,81,2836.12,2026-08-27,Card,Paid
82,82,24734.31,2026-07-08,NetBanking,Paid
83,83,11839.23,2026-08-27,NetBanking,Paid
84,84,16073.6,2026-08-10,UPI,Paid
85,85,13063.46,2026-08-27,Cash,Paid
86,86,17268.42,2026-07-24,UPI,Paid
87,87,19346.18,2026-08-24,Card,Paid
88,88,14081.52,2026-08-21,Card,Paid
89,89,4349.25,2026-07-07,NetBanking,Paid
90,90,16337.83,2026-07-16,Card,Paid
91,91,18925.68,2026-07-20,Cash,Paid
92,92,12898.36,2026-08-07,Cash,Paid
93,93,5463.41,2026-07-28,Cash,Paid
94,94,15535.79,2026-08-29,UPI,Paid
95,95,20494.86,2026-08-10,UPI,Paid
96,96,24539.44,2026-07-01,Card,Paid
97,97,21296.03,2026-07-16,Card,Paid
98,98,2763.53,2026-07-31,NetBanking,Pending
99,99,6724.34,2026-08-25,NetBanking,Paid
100,100,7333.81,2026-08-09,Cash,Paid
101,101,5150.93,2026-07-18,Cash,Paid
102,102,22581.85,2026-07-17,Cash,Paid
103,103,13465.49,2026-08-05,NetBanking,Paid
104,104,17530.29,2026-07-22,Cash,Paid
105,105,10722.0,2026-08-11,UPI,Refunded
106,106,5340.13,2026-07-15,NetBanking,Paid
107,107,5206.25,2026-08-15,Cash,Paid
108,108,10321.55,2026-07-29,NetBanking,Paid
109,109,23639.84,2026-08-25,Card,Paid
110,110,23678.12,2026-08-02,Card,Paid
111,111,17812.92,2026-08-19,UPI,Paid
112,112,19253.41,2026-08-03,Card,Paid
113,113,14437.63,2026-07-04,Cash,Paid
114,114,18108.13,2026-08-03,Card,Paid
115,115,4753.11,2026-07-11,Card,Paid
116,116,19399.84,2026-07-10,NetBanking,Pending
117,117,8764.48,2026-08-30,NetBanking,Paid
118,118,22771.52,2026-07-27,NetBanking,Paid
119,119,5562.7,2026-08-30,Cash,Paid
120,120,8154.91,2026-08-05,Cash,Paid
121,121,19002.86,2026-08-08,UPI,Paid
122,122,11733.45,2026-07-10,NetBanking,Paid
123,123,19703.34,2026-08-21,Card,Paid
124,124,6087.47,2026-07-27,NetBanking,Paid
125,125,8092.9,2026-07-23,UPI,Paid
126,126,23853.63,2026-07-09,NetBanking,Paid
127,127,19142.24,2026-08-30,Card,Paid
128,128,5704.19,2026-07-18,Cash,Paid
129,129,5139.07,2026-07-20,UPI,Paid
130,130,15965.05,2026-07-15,NetBanking,Paid
131,131,5309.45,2026-08-17,NetBanking,Paid
132,132,22305.1,2026-08-18,Cash,Pending
133,133,23863.48,2026-07-03,NetBanking,Paid
134,134,8247.68,2026-08-10,NetBanking,Paid
135,135,6290.26,2026-08-15,NetBanking,Paid
136,136,7554.25,2026-07-07,UPI,Refunded
137,137,16074.61,2026-08-08,Cash,Paid
138,138,21624.22,2026-08-01,NetBanking,Paid
139,139,16856.35,2026-08-25,Cash,Paid
140,140,18979.96,2026-08-27,Cash,Paid
141,141,9898.67,2026-08-12,Cash,Refunded
142,142,4369.6,2026-07-07,NetBanking,Paid
143,143,13636.96,2026-08-07,NetBanking,Paid
144,144,4839.22,2026-08-19,NetBanking,Paid
145,145,21341.77,2026-07-25,NetBanking,Paid
146,146,4925.45,2026-08-23,UPI,Paid
147,147,5143.15,2026-08-18,Card,Paid
148,148,17633.71,2026-08-27,NetBanking,Paid
149,149,18661.5,2026-07-03,Cash,Paid
150,150,12405.51,2026-07-30,UPI,Refunded
151,151,20796.12,2026-08-10,NetBanking,Paid
152,152,3076.91,2026-08-06,Card,Paid
153,153,23783.87,2026-07-07,Cash,Refunded
154,154,20542.64,2026-08-16,NetBanking,Paid
155,155,8204.07,2026-08-22,Cash,Paid
156,156,24225.74,2026-07-18,NetBanking,Paid
157,157,9801.53,2026-08-14,Cash,Paid
158,158,6113.32,2026-08-05,Cash,Paid
159,159,19449.68,2026-08-19,Card,Paid
160,160,21774.54,2026-07-22,Cash,Paid
161,161,19146.83,2026-08-23,Card,Paid
162,162,9381.29,2026-08-28,UPI,Paid
163,163,9540.8,2026-08-01,Card,Paid
164,164,7048.36,2026-08-24,NetBanking,Paid
165,165,20632.69,2026-08-27,Cash,Paid
166,166,24084.44,2026-07-21,UPI,Paid
167,167,15591.55,2026-08-28,Cash,Paid
168,168,14610.72,2026-07-26,UPI,Paid
169,169,4537.2,2026-08-08,NetBanking,Pending
170,170,5779.72,2026-07-22,Cash,Paid
171,171,23228.31,2026-07-07,Cash,Paid
172,172,24341.77,2026-07-21,Card,Paid
173,173,3417.39,2026-08-05,Card,Paid
174,174,8660.24,2026-08-01,Card,Paid
175,175,24623.4,2026-07-16,Card,Paid
176,176,20759.32,2026-07-10,UPI,Paid
177,177,24203.29,2026-08-24,NetBanking,Paid
178,178,11826.83,2026-08-05,Card,Paid
179,179,21577.86,2026-08-07,NetBanking,Paid
180,180,22493.59,2026-07-25,Cash,Paid
181,181,24593.11,2026-08-21,Cash,Paid
182,182,10701.58,2026-08-29,Card,Paid
183,183,10534.17,2026-08-14,Card,Paid
184,184,21117.58,2026-08-14,Card,Paid
185,185,15526.57,2026-07-07,NetBanking,Paid
186,186,4858.17,2026-08-22,Card,Paid
187,187,18645.2,2026-08-11,Card,Paid
188,188,15420.83,2026-07-04,NetBanking,Paid
189,189,13685.49,2026-07-28,UPI,Refunded
190,190,6355.18,2026-08-05,NetBanking,Paid
191,191,3794.78,2026-07-23,NetBanking,Pending
192,192,5827.3,2026-08-13,Cash,Paid
193,193,18674.55,2026-08-06,Cash,Refunded
194,194,18874.61,2026-08-15,NetBanking,Paid
195,195,19698.22,2026-07-09,NetBanking,Paid
196,196,12672.51,2026-08-04,Cash,Paid
197,197,15321.79,2026-08-26,NetBanking,Paid
198,198,14641.28,2026-08-13,Cash,Pending
199,199,24344.99,2026-07-04,Cash,Paid
200,200,19928.97,2026-07-05,UPI,Paid
201,201,18933.56,2026-08-16,Card,Paid
202,202,16034.32,2026-08-18,Card,Paid
203,203,3163.47,2026-08-29,NetBanking,Paid
204,204,9965.28,2026-07-07,NetBanking,Paid
205,205,23853.17,2026-07-25,NetBanking,Paid
206,206,13174.17,2026-08-24,Cash,Paid
207,207,9501.9,2026-07-12,NetBanking,Pending
208,208,13742.84,2026-07-12,Cash,Paid
209,209,7599.4,2026-08-11,UPI,Paid
210,210,19415.85,2026-08-03,Cash,Paid
211,211,16138.59,2026-08-05,UPI,Paid
212,212,4648.53,2026-07-01,UPI,Paid
213,213,11156.95,2026-07-02,Cash,Pending
214,214,24003.51,2026-07-13,NetBanking,Paid
215,215,7413.41,2026-07-23,UPI,Pending
216,216,23033.83,2026-08-08,Cash,Paid
217,217,22557.33,2026-08-15,Card,Paid
218,218,20823.13,2026-07-29,UPI,Paid
219,219,23544.09,2026-08-26,UPI,Paid
220,220,9512.47,2026-07-19,UPI,Paid
221,221,6559.38,2026-08-03,Card,Refunded
222,222,13697.15,2026-08-08,Card,Refunded
223,223,23199.98,2026-08-30,NetBanking,Refunded
224,224,14829.56,2026-07-25,NetBanking,Refunded
225,225,17545.86,2026-07-05,Cash,Paid
226,226,5681.08,2026-08-22,NetBanking,Paid
227,227,11596.41,2026-07-23,UPI,Refunded
228,228,23225.3,2026-08-21,UPI,Paid
229,229,4546.45,2026-08-11,Cash,Refunded
230,230,15167.43,2026-08-14,NetBanking,Paid
231,231,16971.97,2026-07-19,Cash,Paid
232,232,19679.26,2026-07-19,NetBanking,Paid
233,233,10984.01,2026-08-01,UPI,Paid
234,234,9734.08,2026-07-31,NetBanking,Paid
235,235,24826.47,2026-08-19,Cash,Paid
236,236,18225.29,2026-08-03,UPI,Paid
237,237,4506.72,2026-08-27,Card,Paid
238,238,19133.28,2026-08-04,UPI,Paid
239,239,9316.28,2026-07-13,Cash,Refunded
240,240,3679.79,2026-08-22,NetBanking,Paid
241,241,14289.65,2026-07-12,Cash,Paid
242,242,3506.22,2026-07-14,UPI,Paid
243,243,6678.37,2026-07-15,Cash,Paid
244,244,7081.19,2026-07-14,UPI,Paid
245,245,11083.5,2026-08-27,UPI,Refunded
246,246,2606.62,2026-07-16,Cash,Refunded
247,247,24709.42,2026-08-22,Card,Paid
248,248,21350.21,2026-07-03,Card,Paid
249,249,8038.9,2026-08-12,Cash,Pending
250,250,12013.91,2026-08-06,Cash,Paid
251,251,22270.32,2026-08-17,Cash,Paid
252,252,2730.12,2026-08-22,NetBanking,Paid
253,253,21459.27,2026-07-13,NetBanking,Paid
254,254,2734.67,2026-08-14,NetBanking,Paid
255,255,19760.35,2026-07-09,Card,Paid
256,256,5073.56,2026-07-11,NetBanking,Paid
257,257,14581.14,2026-07-11,Cash,Refunded
258,258,18588.03,2026-08-14,NetBanking,Paid
259,259,8944.88,2026-08-24,Cash,Paid
260,260,5186.52,2026-08-22,Card,Refunded
261,261,14981.87,2026-08-01,Card,Paid
262,262,24900.07,2026-07-31,NetBanking,Paid
263,263,7644.51,2026-08-23,NetBanking,Paid
264,264,19657.18,2026-08-21,UPI,Paid
265,265,16344.72,2026-07-29,Card,Paid
266,266,19805.35,2026-08-12,Card,Paid
267,267,18810.48,2026-07-03,UPI,Refunded
268,268,10180.32,2026-08-30,Cash,Refunded
269,269,10377.64,2026-07-13,UPI,Paid
270,270,5944.69,2026-07-19,UPI,Paid
271,271,16612.31,2026-07-22,NetBanking,Paid
272,272,12411.94,2026-08-23,Card,Paid
273,273,8975.65,2026-07-11,Card,Paid
274,274,9644.96,2026-07-08,UPI,Paid
275,275,14521.16,2026-08-09,Card,Paid
276,276,9737.27,2026-07-03,Card,Refunded
277,277,17897.12,2026-07-01,NetBanking,Paid
278,278,3814.39,2026-07-25,UPI,Pending
279,279,19648.97,2026-07-03,UPI,Paid
280,280,21039.96,2026-07-31,NetBanking,Paid
281,281,16361.1,2026-07-29,Card,Paid
282,282,16283.69,2026-07-23,NetBanking,Paid
283,283,22717.98,2026-07-30,Cash,Paid
284,284,8954.43,2026-08-16,Card,Refunded
285,285,11240.16,2026-07-17,Card,Paid
286,286,2971.09,2026-08-21,Cash,Paid
287,287,12848.47,2026-08-15,Card,Refunded
288,288,5313.04,2026-08-10,Cash,Paid
289,289,11630.33,2026-08-26,NetBanking,Paid
290,290,12677.02,2026-08-30,NetBanking,Paid
291,291,10100.53,2026-08-12,NetBanking,Paid
292,292,14423.58,2026-07-16,Card,Paid
293,293,15288.7,2026-08-30,Cash,Refunded
294,294,14834.62,2026-08-18,NetBanking,Paid
295,295,9405.23,2026-07-26,Card,Paid
296,296,14713.65,2026-07-29,Cash,Refunded
297,297,24003.99,2026-08-25,NetBanking,Paid
298,298,7386.51,2026-08-05,Card,Paid
299,299,23585.24,2026-07-28,Card,Refunded
300,300,3036.3,2026-07-14,NetBanking,Paid
301,301,6377.67,2026-08-17,Card,Paid
302,302,15439.06,2026-08-21,Card,Paid
303,303,9621.04,2026-07-16,Card,Paid
304,304,13450.41,2026-08-09,UPI,Paid
305,305,20206.65,2026-07-06,UPI,Paid
306,306,21900.61,2026-07-04,Cash,Pending
307,307,9549.11,2026-08-27,Cash,Paid
308,308,5888.57,2026-07-14,Cash,Paid
309,309,10666.15,2026-08-28,Cash,Paid
310,310,21135.73,2026-07-31,Cash,Paid
311,311,9019.17,2026-07-07,Card,Refunded
312,312,5920.38,2026-07-27,UPI,Paid
313,313,16411.5,2026-07-11,NetBanking,Paid
314,314,8827.78,2026-08-24,Card,Refunded
315,315,17437.05,2026-07-10,NetBanking,Paid
316,316,3386.01,2026-08-26,NetBanking,Paid
317,317,13229.8,2026-08-19,UPI,Paid
318,318,24724.89,2026-07-24,NetBanking,Paid
319,319,6591.26,2026-08-27,UPI,Refunded
320,320,23798.59,2026-08-06,Cash,Pending
321,321,24725.84,2026-08-26,Cash,Paid
322,322,5536.23,2026-07-20,NetBanking,Refunded
323,323,4996.87,2026-08-29,Card,Refunded
324,324,9715.72,2026-08-15,UPI,Paid
325,325,24630.35,2026-08-01,UPI,Paid
326,326,15782.26,2026-07-11,Cash,Pending
327,327,6820.52,2026-07-18,UPI,Paid
328,328,22880.87,2026-07-04,Card,Paid
329,329,8420.05,2026-07-28,Cash,Paid
330,330,19374.95,2026-08-18,NetBanking,Paid
331,331,9990.67,2026-07-03,Card,Pending
332,332,23347.27,2026-07-01,UPI,Paid
333,333,6991.95,2026-07-31,NetBanking,Paid
334,334,18143.99,2026-07-18,NetBanking,Paid
335,335,20570.79,2026-08-24,NetBanking,Paid
336,336,10197.9,2026-08-30,Cash,Paid
337,337,14928.61,2026-08-01,Cash,Paid
338,338,23050.54,2026-08-28,UPI,Paid
339,339,23050.19,2026-08-25,UPI,Paid
340,340,5391.83,2026-08-18,UPI,Paid
341,341,6484.91,2026-07-05,Card,Paid
342,342,7831.27,2026-07-06,UPI,Paid
343,343,2802.56,2026-08-21,Cash,Pending
344,344,16392.87,2026-07-10,NetBanking,Paid
345,345,9945.26,2026-08-12,UPI,Paid
346,346,3763.74,2026-07-09,Card,Refunded
347,347,23347.64,2026-07-12,UPI,Paid
348,348,4560.68,2026-07-28,Card,Paid
349,349,18632.03,2026-07-25,Cash,Paid
350,350,6834.37,2026-08-22,Card,Paid
351,351,13644.26,2026-08-15,Card,Paid
352,352,18960.21,2026-08-07,UPI,Paid
353,353,13920.65,2026-07-06,Card,Refunded
354,354,8423.39,2026-08-26,Card,Paid
355,355,18314.53,2026-07-05,Card,Paid
356,356,9731.62,2026-07-15,Card,Paid
357,357,21310.91,2026-07-19,NetBanking,Paid
358,358,8921.57,2026-07-28,Cash,Paid
359,359,19047.47,2026-08-03,UPI,Paid
360,360,24283.13,2026-07-17,Cash,Paid
361,361,3954.7,2026-07-05,NetBanking,Paid
362,362,18990.57,2026-08-09,NetBanking,Paid
363,363,19699.76,2026-08-15,NetBanking,Paid
364,364,19246.05,2026-07-06,Cash,Paid
365,365,23117.5,2026-07-24,UPI,Paid
366,366,18860.85,2026-07-21,NetBanking,Paid
367,367,20746.72,2026-07-24,NetBanking,Paid
368,368,13504.47,2026-08-04,Card,Paid
369,369,6337.44,2026-08-14,Cash,Paid
370,370,22299.43,2026-07-21,NetBanking,Paid
371,371,22729.52,2026-07-29,Card,Paid
372,372,19387.42,2026-07-27,UPI,Pending
373,373,20235.97,2026-07-25,Card,Paid
374,374,2813.88,2026-08-20,Card,Paid
375,375,23785.97,2026-07-14,UPI,Paid
376,376,13126.49,2026-07-18,Cash,Paid
377,377,13689.75,2026-07-11,Cash,Paid
378,378,21710.83,2026-07-18,Card,Paid
379,379,16153.56,2026-08-01,NetBanking,Paid
380,380,21660.93,2026-08-01,UPI,Paid
381,381,4885.26,2026-08-30,Cash,Paid
382,382,16175.9,2026-07-10,Card,Paid
383,383,13620.21,2026-07-14,NetBanking,Paid
384,384,24029.28,2026-08-10,Card,Paid
385,385,9488.77,2026-08-09,NetBanking,Paid
386,386,15980.11,2026-08-03,Cash,Paid
387,387,10900.48,2026-08-14,Card,Paid
388,388,24334.69,2026-07-05,UPI,Paid
389,389,11882.51,2026-07-14,Cash,Paid
390,390,22978.29,2026-08-27,Cash,Paid
391,391,22791.4,2026-07-31,Cash,Paid
392,392,15487.45,2026-07-22,Card,Refunded
393,393,24223.16,2026-08-20,Card,Paid
394,394,16211.21,2026-08-22,Card,Paid
395,395,13069.43,2026-07-02,Cash,Paid
396,396,4650.61,2026-08-18,Card,Paid
397,397,4329.42,2026-08-01,NetBanking,Paid
398,398,22545.49,2026-08-16,Cash,Paid
399,399,11265.47,2026-07-13,Cash,Paid
400,400,10685.11,2026-08-19,UPI,Paid
401,401,7525.0,2026-07-01,Cash,Paid
402,402,16464.68,2026-08-05,Card,Paid
403,403,24025.02,2026-08-01,Cash,Paid
404,404,14566.98,2026-08-22,Card,Refunded
405,405,15945.71,2026-07-08,Cash,Paid
406,406,19048.63,2026-07-13,Cash,Paid
407,407,10960.2,2026-08-14,UPI,Paid
408,408,7095.4,2026-07-19,UPI,Paid
409,409,16989.74,2026-07-27,UPI,Paid
410,410,19955.43,2026-07-10,NetBanking,Paid
411,411,14993.45,2026-08-08,NetBanking,Paid
412,412,4924.26,2026-07-18,NetBanking,Paid
413,413,18391.68,2026-07-30,Cash,Paid
414,414,5392.05,2026-07-02,UPI,Paid
415,415,9847.11,2026-07-31,Cash,Paid
416,416,21215.6,2026-07-25,UPI,Paid
417,417,17042.39,2026-07-26,Card,Paid
418,418,21311.65,2026-07-03,Cash,Paid
419,419,19521.06,2026-07-03,UPI,Paid
420,420,18557.44,2026-08-01,UPI,Refunded
421,421,5648.01,2026-07-07,Card,Refunded
422,422,7787.81,2026-08-18,Cash,Refunded
423,423,10108.56,2026-07-27,Cash,Paid
424,424,13580.25,2026-08-04,UPI,Paid
425,425,16940.92,2026-07-26,Card,Paid
426,426,4513.16,2026-07-14,NetBanking,Paid
427,427,19662.19,2026-08-25,Cash,Paid
428,428,3771.57,2026-08-13,UPI,Paid
429,429,21465.1,2026-07-15,NetBanking,Paid
430,430,7427.52,2026-07-15,Card,Refunded
431,431,5597.65,2026-07-21,Cash,Paid
432,432,16772.44,2026-07-26,UPI,Paid
433,433,9016.89,2026-07-02,NetBanking,Paid
434,434,3402.93,2026-08-07,UPI,Paid
435,435,15611.63,2026-07-01,Cash,Paid
436,436,15585.62,2026-07-24,Card,Paid
437,437,5925.76,2026-07-01,Cash,Paid
438,438,10921.76,2026-07-25,Card,Paid
439,439,19468.86,2026-07-17,Cash,Paid
440,440,22703.38,2026-07-26,UPI,Paid
441,441,12662.12,2026-07-29,NetBanking,Paid
442,442,5035.6,2026-07-25,UPI,Paid
443,443,22170.27,2026-07-13,Cash,Paid
444,444,17669.64,2026-08-26,Cash,Paid
445,445,3723.27,2026-08-10,Card,Paid
446,446,22398.56,2026-07-17,Card,Paid
447,447,9472.79,2026-07-14,Card,Pending
448,448,7142.94,2026-08-30,NetBanking,Paid
449,449,12802.4,2026-07-26,Card,Refunded
450,450,13303.95,2026-08-08,Cash,Paid
451,451,17508.05,2026-08-30,Card,Paid
452,452,4913.39,2026-07-01,UPI,Paid
453,453,21786.23,2026-08-30,Cash,Refunded
454,454,9327.55,2026-07-25,Card,Paid
455,455,10781.12,2026-08-11,Card,Refunded
456,456,19191.55,2026-07-24,UPI,Paid
457,457,17206.58,2026-07-20,UPI,Pending
458,458,9296.13,2026-07-17,NetBanking,Refunded
459,459,22465.64,2026-08-21,Card,Paid
460,460,16825.97,2026-08-30,UPI,Pending
461,461,23470.97,2026-07-12,UPI,Paid
462,462,18808.2,2026-07-30,Cash,Paid
463,463,18314.73,2026-07-31,UPI,Paid
464,464,5949.13,2026-07-05,NetBanking,Paid
465,465,3172.71,2026-08-01,NetBanking,Paid
466,466,11779.55,2026-07-01,UPI,Paid
467,467,24087.15,2026-08-26,Cash,Paid
468,468,18674.59,2026-07-13,Cash,Paid
469,469,8619.15,2026-08-25,Card,Paid
470,470,12579.76,2026-07-01,UPI,Pending
471,471,21296.33,2026-07-28,NetBanking,Paid
472,472,18600.31,2026-08-17,UPI,Paid
473,473,4489.36,2026-07-24,NetBanking,Paid
474,474,14753.29,2026-07-24,Cash,Paid
475,475,14667.26,2026-07-21,Cash,Paid
476,476,15554.77,2026-07-24,NetBanking,Refunded
477,477,19764.55,2026-07-10,NetBanking,Paid
478,478,11676.08,2026-07-28,UPI,Paid
479,479,22407.38,2026-07-22,Cash,Paid
480,480,12642.3,2026-08-04,Card,Pending
481,481,10227.71,2026-08-28,Card,Paid
482,482,14654.75,2026-08-23,Card,Pending
483,483,15408.08,2026-08-22,Card,Paid
484,484,11417.88,2026-08-22,NetBanking,Pending
485,485,24786.34,2026-08-04,UPI,Paid
486,486,15447.95,2026-07-17,Card,Paid
487,487,17890.24,2026-08-20,Cash,Paid
488,488,9823.46,2026-08-23,Cash,Paid
489,489,11386.61,2026-08-12,NetBanking,Paid
490,490,10400.52,2026-07-27,UPI,Paid
491,491,16987.8,2026-07-10,Card,Paid
492,492,22596.63,2026-08-02,UPI,Paid
493,493,23106.48,2026-08-14,Cash,Paid
494,494,11637.7,2026-08-22,Card,Paid
495,495,4673.21,2026-08-22,Card,Paid
496,496,3199.69,2026-07-08,Card,Paid
497,497,19961.53,2026-07-05,UPI,Paid
498,498,23897.78,2026-07-28,Cash,Paid
499,499,2737.79,2026-08-08,Cash,Paid
500,500,10935.61,2026-07-20,NetBanking,Paid
501,501,23190.0,2026-08-10,UPI,Paid
502,502,24482.8,2026-08-01,Cash,Paid
503,503,8255.1,2026-07-31,NetBanking,Paid
504,504,19820.22,2026-07-28,Cash,Refunded
505,505,17909.08,2026-07-02,NetBanking,Paid
506,506,13467.59,2026-08-27,UPI,Paid
507,507,14734.04,2026-07-06,Card,Paid
508,508,18601.19,2026-08-29,UPI,Paid
509,509,19353.67,2026-07-16,NetBanking,Paid
510,510,9470.81,2026-08-19,NetBanking,Paid
511,511,11738.66,2026-07-01,Card,Paid
512,512,17692.96,2026-07-02,NetBanking,Paid
513,513,6577.75,2026-07-18,NetBanking,Paid
514,514,14552.42,2026-08-16,UPI,Paid
515,515,5147.54,2026-08-03,NetBanking,Paid
516,516,12663.83,2026-08-24,Card,Paid
517,517,16025.21,2026-07-28,UPI,Paid
518,518,24292.71,2026-07-05,Card,Paid
519,519,8103.46,2026-07-25,Card,Paid
520,520,3487.18,2026-07-12,Card,Paid
521,521,17868.25,2026-08-24,NetBanking,Paid
522,522,12504.99,2026-08-14,UPI,Paid
523,523,5632.12,2026-08-17,UPI,Paid
524,524,10750.2,2026-08-14,NetBanking,Paid
525,525,14316.44,2026-08-14,Cash,Paid
526,526,4892.38,2026-07-31,UPI,Paid
527,527,15038.84,2026-07-28,UPI,Paid
528,528,8412.45,2026-08-30,Cash,Paid
529,529,13910.06,2026-07-16,Card,Paid
530,530,6144.89,2026-08-06,Card,Paid
531,531,12537.3,2026-08-04,Cash,Paid
532,532,13252.29,2026-08-20,Card,Paid
533,533,5106.62,2026-07-03,Card,Paid
534,534,9257.72,2026-08-17,NetBanking,Paid
535,535,3849.86,2026-08-20,UPI,Paid
536,536,17483.0,2026-08-07,UPI,Paid
537,537,20757.89,2026-07-21,Card,Pending
538,538,20527.57,2026-07-13,NetBanking,Paid
539,539,7317.76,2026-07-12,NetBanking,Paid
540,540,16608.17,2026-08-24,UPI,Paid
541,541,5356.5,2026-08-02,Card,Pending
542,542,4029.87,2026-08-02,UPI,Paid
543,543,8059.03,2026-08-18,NetBanking,Paid
544,544,10638.76,2026-07-15,Cash,Paid
545,545,19428.35,2026-07-03,Cash,Paid
546,546,3122.47,2026-08-12,Cash,Paid
547,547,16144.82,2026-08-25,Card,Paid
548,548,5364.84,2026-08-09,NetBanking,Paid
549,549,19497.18,2026-07-11,Card,Paid
550,550,8971.62,2026-08-19,UPI,Paid
551,551,3195.57,2026-07-05,UPI,Paid
552,552,19983.58,2026-08-19,UPI,Paid
553,553,11348.52,2026-07-30,Cash,Paid
554,554,14544.05,2026-07-21,Cash,Pending
555,555,13073.02,2026-08-01,NetBanking,Paid
556,556,21388.92,2026-08-07,Card,Paid
557,557,4547.22,2026-08-01,Cash,Paid
558,558,16368.25,2026-07-05,Cash,Paid
559,559,23518.62,2026-08-25,Cash,Paid
560,560,7626.45,2026-08-29,Cash,Refunded
561,561,15235.34,2026-07-23,Cash,Paid
562,562,10037.47,2026-08-13,NetBanking,Paid
563,563,15949.61,2026-08-12,Card,Paid
564,564,22537.38,2026-07-09,Cash,Paid
565,565,17934.54,2026-08-15,Cash,Paid
566,566,12910.53,2026-08-03,Card,Paid
567,567,18761.71,2026-07-19,Card,Paid
568,568,20273.76,2026-08-23,Cash,Paid
569,569,17068.24,2026-08-01,Cash,Paid
570,570,13397.72,2026-07-18,NetBanking,Paid
571,571,5792.65,2026-08-08,UPI,Paid
572,572,24246.56,2026-08-22,NetBanking,Paid
573,573,6750.88,2026-08-29,Cash,Refunded
574,574,12732.11,2026-08-05,Cash,Paid
575,575,11961.1,2026-07-18,UPI,Refunded
576,576,16632.54,2026-08-01,UPI,Paid
577,577,11204.91,2026-07-08,Card,Paid
578,578,10630.04,2026-08-21,UPI,Paid
579,579,4081.3,2026-07-07,Cash,Paid
580,580,4657.54,2026-08-17,NetBanking,Paid
581,581,22554.51,2026-08-06,UPI,Paid
582,582,10096.13,2026-08-09,Cash,Paid
583,583,7915.31,2026-07-15,Cash,Refunded
584,584,10454.91,2026-07-16,Card,Paid
585,585,15642.7,2026-08-18,Card,Paid
586,586,24243.99,2026-07-25,Card,Paid
587,587,2892.41,2026-07-11,UPI,Paid
588,588,16317.98,2026-07-18,NetBanking,Paid
589,589,8039.34,2026-07-27,Card,Paid
590,590,16216.16,2026-08-27,Card,Refunded
591,591,8788.09,2026-07-01,Card,Paid
592,592,12291.85,2026-08-25,NetBanking,Paid
593,593,7724.07,2026-08-24,UPI,Paid
594,594,12492.99,2026-07-10,NetBanking,Pending
595,595,19390.62,2026-07-02,Cash,Paid
596,596,17649.5,2026-07-28,Cash,Paid
597,597,13728.22,2026-08-09,NetBanking,Paid
598,598,16147.46,2026-07-24,Card,Paid
599,599,16021.45,2026-08-14,NetBanking,Paid
600,600,11590.14,2026-07-14,Cash,Paid
601,601,8668.19,2026-08-15,Cash,Pending
602,602,11037.49,2026-08-26,NetBanking,Refunded
603,603,17946.07,2026-08-06,Card,Paid
604,604,3955.64,2026-08-15,UPI,Paid
605,605,10266.64,2026-07-25,UPI,Paid
606,606,18794.02,2026-08-28,NetBanking,Paid
607,607,8235.83,2026-07-15,Cash,Paid
608,608,24934.73,2026-07-31,Card,Paid
609,609,21707.06,2026-08-11,Card,Paid
610,610,24531.13,2026-07-24,UPI,Paid
611,611,4524.38,2026-08-28,Card,Paid
612,612,18144.54,2026-07-04,Cash,Paid
613,613,23470.23,2026-07-29,Card,Paid
614,614,21816.26,2026-07-18,Card,Paid
615,615,9510.96,2026-08-03,UPI,Paid
616,616,4576.1,2026-07-04,Card,Paid
617,617,13080.59,2026-07-28,Card,Paid
618,618,20673.9,2026-07-13,UPI,Paid
619,619,4783.98,2026-08-22,Card,Paid
620,620,20028.83,2026-08-05,Cash,Paid
621,621,5936.17,2026-08-29,Card,Paid
622,622,2696.8,2026-08-24,Card,Paid
623,623,14048.03,2026-07-02,UPI,Paid
624,624,6257.53,2026-07-31,Card,Paid
625,625,7943.33,2026-08-08,Cash,Paid
626,626,8783.73,2026-07-16,NetBanking,Paid
627,627,4972.21,2026-07-16,Card,Paid
628,628,19476.56,2026-07-05,NetBanking,Paid
629,629,8962.06,2026-08-03,NetBanking,Paid
630,630,11387.88,2026-08-04,NetBanking,Pending
631,631,12998.95,2026-08-11,Cash,Paid
632,632,15493.12,2026-08-23,NetBanking,Paid
633,633,14278.08,2026-07-27,Card,Paid
634,634,13743.85,2026-08-21,UPI,Paid
635,635,15995.46,2026-07-24,Cash,Paid
636,636,22843.72,2026-07-25,NetBanking,Paid
637,637,3037.21,2026-08-01,Card,Paid
638,638,7350.33,2026-08-19,Card,Paid
639,639,15784.67,2026-08-18,Card,Paid
640,640,9294.37,2026-07-16,Card,Paid
641,641,7609.11,2026-07-29,Cash,Paid
642,642,12992.85,2026-07-30,Cash,Pending
643,643,12924.23,2026-07-27,UPI,Paid
644,644,5774.59,2026-08-10,UPI,Paid
645,645,3695.19,2026-07-30,NetBanking,Pending
646,646,22122.54,2026-07-05,Cash,Paid
647,647,14032.63,2026-07-31,UPI,Refunded
648,648,22044.15,2026-07-31,UPI,Paid
649,649,6853.28,2026-08-29,Card,Paid
650,650,4779.31,2026-08-17,Cash,Paid
651,651,13963.9,2026-08-10,Cash,Paid
652,652,11576.77,2026-08-21,NetBanking,Paid
653,653,9847.26,2026-07-24,UPI,Paid
654,654,15676.48,2026-08-26,NetBanking,Paid
655,655,12251.68,2026-08-02,UPI,Paid
656,656,14829.77,2026-08-17,UPI,Refunded
657,657,5949.93,2026-08-22,NetBanking,Paid
658,658,18571.1,2026-08-16,Cash,Paid
659,659,19647.45,2026-07-13,UPI,Paid
660,660,8704.6,2026-07-15,UPI,Paid
661,661,2772.58,2026-07-09,Card,Paid
662,662,6857.45,2026-08-21,Card,Paid
663,663,15284.2,2026-08-28,Card,Paid
664,664,3990.14,2026-08-24,UPI,Paid
665,665,13359.95,2026-07-05,Card,Paid
666,666,24576.94,2026-08-29,NetBanking,Paid
667,667,17561.89,2026-08-21,Cash,Paid
668,668,24537.81,2026-08-24,NetBanking,Refunded
669,669,8306.88,2026-08-05,Cash,Paid
670,670,9846.99,2026-07-10,Cash,Paid
671,671,20011.66,2026-07-16,Card,Paid
672,672,12262.15,2026-07-18,Cash,Refunded
673,673,9262.8,2026-08-16,NetBanking,Paid
674,674,15813.09,2026-08-21,Cash,Paid
675,675,5829.37,2026-07-15,Card,Pending
676,676,8096.61,2026-08-27,Card,Refunded
677,677,18191.09,2026-08-02,Cash,Paid
678,678,11496.64,2026-08-06,Cash,Paid
679,679,7956.12,2026-08-09,NetBanking,Refunded
680,680,17414.85,2026-08-19,Cash,Refunded
681,681,3780.32,2026-07-26,NetBanking,Paid
682,682,13146.42,2026-07-02,Cash,Refunded
683,683,5160.09,2026-07-16,NetBanking,Pending
684,684,13566.87,2026-07-26,Card,Paid
685,685,21612.63,2026-07-19,Card,Paid
686,686,6210.12,2026-07-11,Cash,Paid
687,687,21696.97,2026-07-07,UPI,Paid
688,688,19092.18,2026-07-10,NetBanking,Paid
689,689,4577.09,2026-08-20,Card,Refunded
690,690,2546.96,2026-07-12,UPI,Paid
691,691,24633.27,2026-07-24,Cash,Paid
692,692,4469.2,2026-07-11,Cash,Paid
693,693,3376.2,2026-08-07,UPI,Refunded
694,694,16323.18,2026-08-22,Card,Paid
695,695,22683.76,2026-08-22,NetBanking,Paid
696,696,15850.83,2026-08-09,UPI,Paid
697,697,8900.01,2026-07-05,NetBanking,Paid
698,698,8349.6,2026-08-11,UPI,Paid
699,699,7535.32,2026-07-19,UPI,Paid
700,700,10119.8,2026-07-11,NetBanking,Paid
701,701,10571.92,2026-08-02,Cash,Paid
702,702,18377.29,2026-07-26,NetBanking,Paid
703,703,7790.31,2026-08-24,Cash,Paid
704,704,7237.31,2026-07-30,Card,Paid
705,705,3327.95,2026-07-04,UPI,Paid
706,706,24960.08,2026-07-09,Card,Paid
707,707,8855.69,2026-07-22,Cash,Paid
708,708,18669.41,2026-07-28,NetBanking,Paid
709,709,16997.0,2026-08-30,Cash,Refunded
710,710,7219.87,2026-07-31,UPI,Paid
711,711,11292.87,2026-07-23,UPI,Paid
712,712,21425.23,2026-08-21,Cash,Paid
713,713,20781.67,2026-07-30,NetBanking,Paid
714,714,21907.92,2026-07-29,Card,Paid
715,715,19268.83,2026-08-15,NetBanking,Paid
716,716,24056.47,2026-08-18,Card,Paid
717,717,20122.15,2026-07-17,NetBanking,Paid
718,718,22199.22,2026-07-22,Card,Paid
719,719,5657.67,2026-08-02,NetBanking,Refunded
720,720,22914.41,2026-08-16,Card,Paid
721,721,19844.35,2026-08-10,Cash,Paid
722,722,20504.69,2026-07-24,Cash,Paid
723,723,13362.96,2026-08-22,Card,Paid
724,724,9981.65,2026-08-12,Cash,Paid
725,725,22515.69,2026-08-07,Card,Paid
726,726,23870.88,2026-08-21,UPI,Paid
727,727,18679.91,2026-08-05,Cash,Paid
728,728,19504.91,2026-07-03,Cash,Paid
729,729,11665.07,2026-08-10,UPI,Paid
730,730,22260.27,2026-08-29,NetBanking,Refunded
731,731,16197.11,2026-07-15,Cash,Paid
732,732,7515.24,2026-07-17,Cash,Pending
733,733,21673.71,2026-08-22,Card,Paid
734,734,15540.18,2026-07-26,Cash,Paid
735,735,7657.47,2026-07-15,NetBanking,Paid
736,736,2550.63,2026-07-04,UPI,Paid
737,737,8656.78,2026-08-22,NetBanking,Paid
738,738,22042.28,2026-08-16,Cash,Paid
739,739,17424.57,2026-08-01,Card,Paid
740,740,14928.08,2026-08-19,UPI,Pending
741,741,23326.66,2026-07-25,Cash,Paid
742,742,17262.31,2026-07-01,NetBanking,Paid
743,743,17053.97,2026-08-30,NetBanking,Paid
744,744,5422.24,2026-08-17,Cash,Paid
745,745,9077.12,2026-07-17,NetBanking,Paid
746,746,12095.11,2026-08-16,Card,Paid
747,747,19714.59,2026-07-19,Cash,Refunded
748,748,18060.04,2026-08-10,UPI,Paid
749,749,6000.29,2026-07-08,UPI,Refunded
750,750,3984.6,2026-08-19,Cash,Refunded
751,751,5050.84,2026-07-29,Cash,Paid
752,752,19735.0,2026-08-19,NetBanking,Paid
753,753,13327.94,2026-08-09,Cash,Paid
754,754,10515.83,2026-07-06,Cash,Paid
755,755,20648.54,2026-08-04,Cash,Paid
756,756,22995.7,2026-08-09,UPI,Refunded
757,757,6151.57,2026-07-22,Card,Paid
758,758,18014.42,2026-07-13,NetBanking,Refunded
759,759,19539.57,2026-07-23,UPI,Paid
760,760,11258.76,2026-08-18,NetBanking,Paid
761,761,14029.44,2026-08-21,NetBanking,Paid
762,762,6778.23,2026-08-10,NetBanking,Paid
763,763,19324.02,2026-07-05,Card,Paid
764,764,23510.41,2026-08-19,NetBanking,Paid
765,765,12801.7,2026-07-21,Cash,Paid
766,766,3444.2,2026-07-29,Card,Paid
767,767,10496.98,2026-08-12,Cash,Paid
768,768,11849.51,2026-08-23,UPI,Refunded
769,769,21895.15,2026-07-06,Card,Paid
770,770,15879.59,2026-08-05,UPI,Paid
771,771,13152.17,2026-08-05,Cash,Paid
772,772,20743.66,2026-08-20,Cash,Paid
773,773,14584.33,2026-07-28,Cash,Paid
774,774,4897.92,2026-08-30,Cash,Paid
775,775,24964.07,2026-08-14,Cash,Paid
776,776,24983.82,2026-07-18,Cash,Paid
777,777,24579.48,2026-08-03,Cash,Paid
778,778,9438.67,2026-07-20,NetBanking,Paid
779,779,24578.21,2026-07-21,Card,Paid
780,780,22063.86,2026-08-29,UPI,Paid
781,781,4641.04,2026-07-17,Cash,Paid
782,782,5283.86,2026-08-06,Card,Paid
783,783,4273.87,2026-07-04,Cash,Paid
784,784,19614.27,2026-08-18,UPI,Paid
785,785,14851.07,2026-08-06,Cash,Refunded
786,786,17302.74,2026-07-07,NetBanking,Paid
787,787,3416.59,2026-08-28,NetBanking,Paid
788,788,9998.5,2026-08-17,UPI,Paid
789,789,4622.09,2026-08-30,UPI,Paid
790,790,13231.98,2026-07-31,Cash,Paid
791,791,4905.05,2026-07-11,Card,Paid
792,792,6288.55,2026-08-11,UPI,Paid
793,793,2879.02,2026-07-14,Card,Paid
794,794,24039.06,2026-08-25,Card,Refunded
795,795,2618.95,2026-08-03,Cash,Paid
796,796,18921.65,2026-08-23,Card,Paid
797,797,7853.01,2026-07-28,Card,Paid
798,798,11239.93,2026-08-22,Cash,Paid
799,799,11601.71,2026-08-07,NetBanking,Refunded
800,800,8972.41,2026-07-16,UPI,Paid
801,801,8237.48,2026-08-08,NetBanking,Paid
802,802,5078.74,2026-08-07,Card,Paid
803,803,18054.25,2026-08-06,Card,Paid
804,804,15554.59,2026-08-12,Card,Paid
805,805,3404.64,2026-07-16,UPI,Paid
806,806,17891.53,2026-07-09,Card,Paid
807,807,5033.81,2026-07-01,Card,Paid
808,808,21174.34,2026-07-01,NetBanking,Paid
809,809,7142.5,2026-07-10,Card,Paid
810,810,20175.94,2026-08-25,Cash,Paid
811,811,11750.35,2026-08-12,Cash,Paid
812,812,7034.85,2026-08-10,Card,Paid
813,813,10446.51,2026-08-25,Card,Paid
814,814,23855.72,2026-07-28,UPI,Paid
815,815,12249.1,2026-07-11,UPI,Paid
816,816,21258.03,2026-08-17,NetBanking,Paid
817,817,7086.4,2026-07-08,Cash,Paid
818,818,8784.88,2026-07-28,UPI,Paid
819,819,19659.25,2026-07-05,NetBanking,Paid
820,820,16995.63,2026-07-29,Card,Paid
821,821,8701.35,2026-07-31,NetBanking,Paid
822,822,13307.88,2026-07-29,Card,Paid
823,823,7774.47,2026-08-01,NetBanking,Paid
824,824,23841.6,2026-08-02,Card,Paid
825,825,18727.96,2026-08-03,Cash,Paid
826,826,8615.77,2026-08-12,Cash,Paid
827,827,2956.74,2026-08-06,UPI,Paid
828,828,8863.3,2026-08-21,Card,Paid
829,829,17540.06,2026-08-05,Card,Paid
830,830,24492.66,2026-07-01,Card,Refunded
831,831,9865.98,2026-08-14,NetBanking,Paid
832,832,2532.86,2026-07-13,Card,Paid
833,833,9392.61,2026-08-18,NetBanking,Paid
834,834,20603.35,2026-08-07,Card,Paid
835,835,17571.32,2026-08-08,Cash,Paid
836,836,13116.73,2026-07-13,Card,Paid
837,837,21800.42,2026-07-23,NetBanking,Paid
838,838,14480.93,2026-08-01,Card,Paid
839,839,15154.79,2026-08-14,UPI,Paid
840,840,22658.32,2026-07-15,NetBanking,Pending
841,841,7111.59,2026-07-27,UPI,Paid
842,842,24769.93,2026-08-05,NetBanking,Paid
843,843,7466.47,2026-07-14,Card,Paid
844,844,3323.86,2026-07-01,NetBanking,Paid
845,845,8809.25,2026-08-07,NetBanking,Pending
846,846,4603.37,2026-08-29,Card,Paid
847,847,4603.98,2026-07-17,Card,Paid
848,848,18002.43,2026-08-04,Card,Paid
849,849,18157.05,2026-07-01,NetBanking,Paid
850,850,7368.07,2026-07-27,Cash,Paid
851,851,13833.26,2026-07-15,Cash,Paid
852,852,18168.53,2026-08-29,Cash,Paid
853,853,15016.45,2026-07-11,UPI,Paid
854,854,24565.86,2026-08-06,UPI,Paid
855,855,6832.25,2026-08-22,Card,Paid
856,856,3517.09,2026-07-12,Card,Paid
857,857,6947.01,2026-07-19,NetBanking,Paid
858,858,12613.01,2026-08-09,Card,Paid
859,859,18829.24,2026-08-16,Card,Paid
860,860,19523.26,2026-08-18,Cash,Paid
861,861,12216.01,2026-08-14,UPI,Paid
862,862,6079.05,2026-07-25,UPI,Paid
863,863,3290.41,2026-07-12,NetBanking,Paid
864,864,19699.4,2026-07-14,UPI,Paid
865,865,4939.89,2026-07-15,Card,Paid
866,866,14205.89,2026-08-05,Cash,Pending
867,867,6041.44,2026-08-08,Card,Refunded
868,868,12059.94,2026-08-09,NetBanking,Paid
869,869,8355.15,2026-07-14,UPI,Paid
870,870,9149.52,2026-08-19,NetBanking,Refunded
871,871,22181.31,2026-07-08,Card,Refunded
872,872,7669.1,2026-08-14,UPI,Paid
873,873,11378.66,2026-08-11,Card,Paid
874,874,6545.33,2026-08-26,Card,Paid
875,875,7910.87,2026-07-04,UPI,Paid
876,876,14926.24,2026-07-22,UPI,Paid
877,877,9971.71,2026-07-09,Card,Paid
878,878,13536.44,2026-08-23,Card,Paid
879,879,20275.63,2026-08-14,UPI,Paid
880,880,16558.9,2026-07-05,NetBanking,Paid
881,881,14801.34,2026-08-17,Cash,Paid
882,882,17830.13,2026-08-24,Cash,Paid
883,883,19723.29,2026-08-19,UPI,Paid
884,884,18044.88,2026-08-25,UPI,Paid
885,885,6210.79,2026-08-17,UPI,Paid
886,886,6784.5,2026-08-30,UPI,Paid
887,887,22621.62,2026-08-11,Cash,Paid
888,888,16694.04,2026-08-08,UPI,Paid
889,889,24739.07,2026-07-21,NetBanking,Paid
890,890,20380.52,2026-08-02,Cash,Paid
891,891,8368.09,2026-07-06,Card,Paid
892,892,15468.66,2026-07-31,Cash,Paid
893,893,22980.71,2026-07-05,Card,Paid
894,894,19672.64,2026-08-02,UPI,Paid
895,895,13049.67,2026-08-02,NetBanking,Paid
896,896,3493.29,2026-07-04,UPI,Paid
897,897,22430.34,2026-07-25,Cash,Paid
898,898,4495.49,2026-08-16,Cash,Paid
899,899,11616.63,2026-08-06,UPI,Paid
900,900,5858.64,2026-07-18,Card,Refunded
901,901,10815.24,2026-07-04,Cash,Paid
902,902,6330.3,2026-08-06,NetBanking,Paid
903,903,14932.22,2026-07-03,NetBanking,Paid
904,904,7178.12,2026-07-27,NetBanking,Paid
905,905,20196.77,2026-07-02,Card,Paid
906,906,3866.01,2026-08-21,UPI,Refunded
907,907,21968.15,2026-07-17,UPI,Pending
908,908,23092.79,2026-08-17,UPI,Paid
909,909,18998.91,2026-08-24,Card,Paid
910,910,13156.94,2026-08-26,Card,Paid
911,911,11006.98,2026-08-18,Card,Paid
912,912,3943.73,2026-07-18,Card,Paid
913,913,3974.44,2026-08-14,NetBanking,Paid
914,914,9140.9,2026-07-11,Cash,Paid
915,915,6068.34,2026-07-16,NetBanking,Paid
916,916,5436.48,2026-08-16,NetBanking,Paid
917,917,9465.66,2026-08-19,Cash,Paid
918,918,22152.49,2026-08-22,NetBanking,Paid
919,919,24599.69,2026-07-25,Card,Paid
920,920,19381.59,2026-08-18,Cash,Pending
921,921,3452.18,2026-07-26,Card,Paid
922,922,10803.57,2026-08-04,Card,Paid
923,923,24082.41,2026-08-28,UPI,Paid
924,924,13071.22,2026-07-20,NetBanking,Paid
925,925,21919.39,2026-08-02,UPI,Paid
926,926,18942.55,2026-07-24,Card,Paid
927,927,13771.82,2026-07-12,Cash,Paid
928,928,24380.71,2026-07-30,UPI,Paid
929,929,10148.4,2026-07-19,UPI,Refunded
930,930,9055.97,2026-07-14,Card,Paid
931,931,19713.54,2026-07-23,Card,Paid
932,932,8298.63,2026-07-21,UPI,Paid
933,933,7492.27,2026-07-10,UPI,Paid
934,934,18504.37,2026-07-30,NetBanking,Paid
935,935,20215.89,2026-08-04,UPI,Paid
936,936,6968.92,2026-08-07,UPI,Paid
937,937,6954.78,2026-07-14,Card,Paid
938,938,9767.95,2026-07-15,UPI,Pending
939,939,21733.3,2026-08-16,UPI,Refunded
940,940,23157.93,2026-08-09,NetBanking,Paid
941,941,9867.42,2026-07-25,UPI,Paid
942,942,13765.38,2026-07-27,UPI,Paid
943,943,6658.65,2026-08-22,UPI,Refunded
944,944,3161.46,2026-07-07,Cash,Paid
945,945,5020.33,2026-07-09,UPI,Paid
946,946,10989.05,2026-07-31,NetBanking,Paid
947,947,8882.11,2026-08-08,UPI,Refunded
948,948,22928.58,2026-08-28,UPI,Pending
949,949,17802.72,2026-07-26,Cash,Paid
950,950,10280.33,2026-08-26,UPI,Paid
951,951,16083.06,2026-08-21,UPI,Pending
952,952,16883.99,2026-08-06,Cash,Paid
953,953,9075.48,2026-07-15,NetBanking,Paid
954,954,10216.38,2026-07-02,Card,Paid
955,955,11663.78,2026-07-11,Card,Refunded
956,956,16147.79,2026-08-02,Card,Paid
957,957,12654.07,2026-07-22,Cash,Paid
958,958,4575.06,2026-08-29,UPI,Paid
959,959,21788.74,2026-07-19,Card,Paid
960,960,11663.08,2026-08-17,UPI,Paid
961,961,16685.75,2026-08-19,Cash,Paid
962,962,23550.83,2026-07-28,NetBanking,Refunded
963,963,19234.54,2026-08-03,UPI,Paid
964,964,5397.7,2026-08-19,UPI,Refunded
965,965,23736.58,2026-08-25,UPI,Paid
966,966,7071.6,2026-07-25,NetBanking,Pending
967,967,4488.54,2026-08-25,UPI,Paid
968,968,17910.43,2026-07-05,Cash,Refunded
969,969,7289.2,2026-08-30,Card,Paid
970,970,8215.61,2026-07-22,Cash,Paid
971,971,12170.35,2026-08-05,Card,Paid
972,972,4947.41,2026-08-10,NetBanking,Paid
973,973,15130.84,2026-08-27,Card,Paid
974,974,24638.2,2026-08-23,Cash,Paid
975,975,24170.4,2026-07-08,Card,Paid
976,976,14976.94,2026-08-20,NetBanking,Paid
977,977,10208.71,2026-07-16,NetBanking,Pending
978,978,23036.3,2026-08-17,Card,Paid
979,979,7269.12,2026-08-11,Cash,Paid
980,980,5293.09,2026-07-07,Cash,Paid
981,981,18114.26,2026-08-08,UPI,Paid
982,982,24846.79,2026-08-07,UPI,Paid
983,983,8929.7,2026-07-12,UPI,Paid
984,984,12694.93,2026-07-17,Card,Paid
985,985,15951.63,2026-08-06,NetBanking,Paid
986,986,15386.09,2026-07-25,Cash,Paid
987,987,16939.36,2026-08-18,NetBanking,Paid
988,988,14249.78,2026-07-10,Cash,Paid
989,989,16827.48,2026-08-06,Card,Paid
990,990,15220.15,2026-07-19,UPI,Paid
991,991,22465.11,2026-08-06,Card,Refunded
992,992,22537.14,2026-07-07,Card,Paid
993,993,20659.24,2026-07-15,Cash,Paid
994,994,19966.05,2026-07-28,NetBanking,Paid
995,995,24114.13,2026-07-04,NetBanking,Paid
996,996,3016.62,2026-08-05,NetBanking,Paid
997,997,16905.39,2026-07-30,NetBanking,Refunded
998,998,3186.71,2026-07-29,Card,Paid
999,999,9463.79,2026-08-30,Card,Paid
1000,1000,7458.94,2026-08-12,Cash,Paid
1001,1001,22716.74,2026-08-03,Card,Paid
1002,1002,15125.95,2026-07-02,Cash,Paid
1003,1003,22688.14,2026-07-27,UPI,Refunded
1004,1004,22800.59,2026-08-06,NetBanking,Paid
1005,1005,14858.17,2026-08-24,Card,Paid
1006,1006,19669.87,2026-08-04,Card,Paid
1007,1007,8485.87,2026-08-20,NetBanking,Paid
1008,1008,10256.14,2026-08-10,UPI,Refunded
1009,1009,7374.22,2026-08-05,NetBanking,Paid
1010,1010,4710.69,2026-08-23,Card,Paid
1011,1011,20662.73,2026-07-21,Cash,Refunded
1012,1012,19384.49,2026-07-17,Card,Paid
1013,1013,11470.09,2026-07-10,Card,Paid
1014,1014,19895.76,2026-08-24,Cash,Paid
1015,1015,3412.65,2026-07-02,Card,Paid
1016,1016,7534.03,2026-07-01,NetBanking,Paid
1017,1017,22915.13,2026-07-25,UPI,Refunded
1018,1018,5127.64,2026-08-18,NetBanking,Paid
1019,1019,4188.78,2026-08-12,Card,Paid
1020,1020,10033.92,2026-08-22,UPI,Paid
1021,1021,3990.0,2026-08-03,UPI,Paid
1022,1022,8783.06,2026-07-19,UPI,Pending
1023,1023,9731.34,2026-07-30,NetBanking,Paid
1024,1024,21915.22,2026-08-03,Card,Pending
1025,1025,23862.03,2026-08-11,NetBanking,Paid
1026,1026,3631.73,2026-07-24,Card,Paid
1027,1027,8577.73,2026-08-27,NetBanking,Paid
1028,1028,15973.8,2026-07-26,Card,Paid
1029,1029,23715.95,2026-08-26,Card,Paid
1030,1030,19666.74,2026-07-27,Card,Paid
1031,1031,10252.39,2026-08-05,UPI,Paid
1032,1032,13572.12,2026-08-10,NetBanking,Refunded
1033,1033,23269.53,2026-07-11,UPI,Paid
1034,1034,8429.78,2026-07-26,Cash,Paid
1035,1035,6893.54,2026-07-13,NetBanking,Paid
1036,1036,23587.94,2026-08-29,Cash,Paid
1037,1037,23438.75,2026-07-13,Cash,Refunded
1038,1038,11529.53,2026-07-30,UPI,Paid
1039,1039,7110.63,2026-08-27,Card,Paid
1040,1040,4268.38,2026-07-11,UPI,Paid
1041,1041,7424.6,2026-07-28,Card,Paid
1042,1042,24539.74,2026-07-21,Card,Paid
1043,1043,14787.54,2026-07-23,NetBanking,Paid
1044,1044,7410.71,2026-07-05,Cash,Paid
1045,1045,15832.49,2026-08-16,Card,Pending
1046,1046,9768.01,2026-07-10,NetBanking,Paid
1047,1047,3467.53,2026-08-22,UPI,Paid
1048,1048,8907.11,2026-07-04,Card,Paid
1049,1049,17846.1,2026-08-23,UPI,Paid
1050,1050,14519.09,2026-08-29,Card,Refunded
1051,1051,19170.62,2026-08-01,Card,Refunded
1052,1052,4191.52,2026-08-23,Card,Paid
1053,1053,22259.08,2026-08-27,Card,Paid
1054,1054,6851.17,2026-08-03,NetBanking,Paid
1055,1055,14787.81,2026-08-17,NetBanking,Paid
1056,1056,17952.53,2026-07-29,Card,Paid
1057,1057,21998.13,2026-07-15,Card,Pending
1058,1058,21581.71,2026-07-12,Cash,Paid
1059,1059,10115.6,2026-08-06,NetBanking,Refunded
1060,1060,3015.67,2026-08-20,NetBanking,Paid
1061,1061,23359.87,2026-07-08,NetBanking,Paid
1062,1062,3874.5,2026-08-25,NetBanking,Paid
1063,1063,11614.41,2026-08-19,Card,Pending
1064,1064,2847.89,2026-08-18,UPI,Paid
1065,1065,5731.66,2026-08-12,Card,Paid
1066,1066,16656.44,2026-07-21,Card,Paid
1067,1067,11350.53,2026-08-25,Cash,Paid
1068,1068,10038.65,2026-07-29,UPI,Paid
1069,1069,11611.03,2026-07-10,UPI,Paid
1070,1070,19827.03,2026-07-12,UPI,Refunded
1071,1071,5621.74,2026-08-06,NetBanking,Refunded
1072,1072,19486.67,2026-07-03,Cash,Paid
1073,1073,16527.33,2026-08-04,Cash,Paid
1074,1074,22031.75,2026-08-30,Card,Paid
1075,1075,23168.19,2026-08-24,Cash,Paid
1076,1076,23906.5,2026-08-14,Card,Paid
1077,1077,14701.35,2026-08-16,Cash,Paid
1078,1078,9067.02,2026-07-09,Cash,Pending
1079,1079,10098.72,2026-08-17,UPI,Paid
1080,1080,8880.23,2026-07-29,NetBanking,Refunded
1081,1081,19401.42,2026-07-03,NetBanking,Paid
1082,1082,23282.11,2026-07-16,NetBanking,Paid
1083,1083,13246.03,2026-08-04,Card,Paid
1084,1084,16350.61,2026-07-18,NetBanking,Paid
1085,1085,24179.28,2026-07-05,NetBanking,Paid
1086,1086,14474.44,2026-07-25,Card,Pending
1087,1087,15428.34,2026-07-28,NetBanking,Paid
1088,1088,5963.09,2026-08-23,Card,Paid
1089,1089,15478.1,2026-08-01,UPI,Paid
1090,1090,14473.17,2026-08-13,UPI,Paid
1091,1091,6690.34,2026-08-10,Card,Paid
1092,1092,18148.79,2026-08-26,UPI,Paid
1093,1093,22025.22,2026-08-18,NetBanking,Paid
1094,1094,16439.63,2026-08-13,NetBanking,Paid
1095,1095,3189.27,2026-07-08,Card,Paid
1096,1096,14689.83,2026-08-19,Cash,Pending
1097,1097,8537.25,2026-07-12,NetBanking,Paid
1098,1098,11366.51,2026-07-09,Cash,Paid
1099,1099,16256.22,2026-07-12,Card,Paid
1100,1100,5494.7,2026-08-04,Cash,Paid
1101,1101,21181.94,2026-07-15,Card,Paid
1102,1102,22784.15,2026-08-06,UPI,Paid
1103,1103,6199.48,2026-07-06,Cash,Paid
1104,1104,19633.71,2026-08-16,NetBanking,Paid
1105,1105,23763.05,2026-07-25,Card,Refunded
1106,1106,6366.79,2026-08-30,Card,Pending
1107,1107,7501.08,2026-08-03,Cash,Paid
1108,1108,21860.13,2026-08-30,UPI,Paid
1109,1109,11302.43,2026-07-24,UPI,Refunded
1110,1110,13516.72,2026-07-17,NetBanking,Refunded
1111,1111,15070.41,2026-07-02,Cash,Paid
1112,1112,19892.57,2026-07-19,Cash,Paid
1113,1113,6868.59,2026-08-10,UPI,Pending
1114,1114,22612.01,2026-08-22,UPI,Refunded
1115,1115,5046.93,2026-07-31,NetBanking,Paid
1116,1116,6980.83,2026-08-23,Cash,Paid
1117,1117,8555.51,2026-07-03,UPI,Paid
1118,1118,7229.18,2026-07-20,UPI,Paid
1119,1119,12707.73,2026-07-21,Cash,Paid
1120,1120,7373.41,2026-07-12,Cash,Paid
1121,1121,7325.52,2026-07-27,NetBanking,Paid
1122,1122,23889.01,2026-07-07,Card,Paid
1123,1123,12564.85,2026-07-21,UPI,Paid
1124,1124,16467.34,2026-08-30,Card,Paid
1125,1125,16974.52,2026-07-07,Cash,Refunded
1126,1126,20330.22,2026-07-03,Cash,Paid
1127,1127,11115.98,2026-08-03,UPI,Paid
1128,1128,14283.72,2026-08-05,UPI,Paid
1129,1129,21285.52,2026-08-18,NetBanking,Paid
1130,1130,10622.2,2026-07-16,Cash,Paid
1131,1131,22529.17,2026-08-29,Cash,Paid
1132,1132,23040.09,2026-08-19,NetBanking,Paid
1133,1133,23999.79,2026-08-25,NetBanking,Paid
1134,1134,12620.04,2026-07-29,Cash,Paid
1135,1135,6270.77,2026-08-01,Cash,Paid
1136,1136,24620.96,2026-08-27,Cash,Paid
1137,1137,10139.56,2026-08-07,NetBanking,Refunded
1138,1138,20423.56,2026-07-21,Cash,Paid
1139,1139,5400.18,2026-08-09,UPI,Refunded
1140,1140,20779.4,2026-07-28,Cash,Paid
1141,1141,23482.93,2026-07-01,UPI,Paid
1142,1142,20536.48,2026-07-24,Card,Paid
1143,1143,22264.17,2026-07-05,Card,Paid
1144,1144,22240.86,2026-08-26,UPI,Paid
1145,1145,22040.91,2026-07-05,Card,Paid
1146,1146,10148.42,2026-07-03,Card,Paid
1147,1147,12077.86,2026-08-17,Card,Paid
1148,1148,8887.96,2026-07-19,NetBanking,Paid
1149,1149,16449.15,2026-08-15,NetBanking,Paid
1150,1150,24169.64,2026-08-14,Card,Paid
1151,1151,22724.55,2026-08-20,NetBanking,Paid
1152,1152,9085.03,2026-07-27,Card,Paid
1153,1153,5419.07,2026-08-24,Card,Refunded
1154,1154,8978.05,2026-08-30,UPI,Paid
1155,1155,20621.16,2026-07-12,UPI,Paid
1156,1156,6784.53,2026-07-05,Card,Paid
1157,1157,5722.28,2026-08-23,UPI,Paid
1158,1158,16541.53,2026-07-04,NetBanking,Paid
1159,1159,22423.35,2026-08-03,Card,Paid
1160,1160,13514.6,2026-07-14,NetBanking,Paid
1161,1161,14481.55,2026-08-19,NetBanking,Paid
1162,1162,18388.75,2026-08-12,NetBanking,Paid
1163,1163,6564.97,2026-07-23,NetBanking,Paid
1164,1164,8357.66,2026-07-24,Cash,Paid
1165,1165,11025.47,2026-08-25,UPI,Paid
1166,1166,16418.76,2026-08-02,NetBanking,Paid
1167,1167,17297.75,2026-07-16,UPI,Paid
1168,1168,14860.92,2026-07-12,NetBanking,Refunded
1169,1169,17021.96,2026-07-12,UPI,Paid
1170,1170,7339.04,2026-07-29,Card,Refunded
1171,1171,17246.41,2026-07-12,UPI,Paid
1172,1172,6382.24,2026-08-06,Card,Paid
1173,1173,22335.07,2026-07-07,NetBanking,Paid
1174,1174,17288.06,2026-08-07,UPI,Paid
1175,1175,7816.12,2026-08-05,Card,Paid
1176,1176,6247.69,2026-08-11,Cash,Paid
1177,1177,8001.73,2026-08-06,Card,Paid
1178,1178,23643.16,2026-07-18,NetBanking,Paid
1179,1179,18807.69,2026-07-30,NetBanking,Paid
1180,1180,20685.44,2026-07-19,Card,Refunded
1181,1181,15348.48,2026-07-17,Cash,Paid
1182,1182,23944.24,2026-08-01,UPI,Paid
1183,1183,12553.6,2026-08-22,NetBanking,Paid
1184,1184,15348.47,2026-07-29,UPI,Paid
1185,1185,9949.97,2026-08-12,NetBanking,Paid
1186,1186,22989.93,2026-08-16,UPI,Paid
1187,1187,18428.17,2026-08-22,Cash,Paid
1188,1188,23902.81,2026-08-30,Card,Paid
1189,1189,3131.76,2026-08-13,UPI,Paid
1190,1190,10696.91,2026-08-16,UPI,Paid
1191,1191,6398.49,2026-08-26,UPI,Paid
1192,1192,14969.73,2026-08-08,NetBanking,Paid
1193,1193,13883.1,2026-08-06,NetBanking,Paid
1194,1194,7238.18,2026-08-17,Cash,Paid
1195,1195,10540.7,2026-07-16,NetBanking,Refunded
1196,1196,20470.57,2026-08-29,UPI,Paid
1197,1197,8757.93,2026-07-20,Card,Refunded
1198,1198,17021.65,2026-08-22,Cash,Paid
1199,1199,3994.19,2026-08-23,Card,Refunded
1200,1200,22120.15,2026-08-06,UPI,Paid
